Date,site_name,folder_id,catename,Articles,Article thường,Article thương mại,A- Build Top,A- Non- Build Top,Pageviews,P- Ex-Direct,P- Ex-Google,P- Ex-Social,P- In-Home,P- In-Folder,P- In-Detail,P- In-Other,P- In-Tag&Topic&24H,P- DO,P- OV,P- Unknown,P- Mobile,P- PC,P- App,P- Tablet,P- Other Platform,Session,P- New,P- Return,P- Lover,P- Detail,P- Listing,P- Ex-Google | Search,P- Ex-Google | Discover,P- Ex-Direct | Brandname
1/2025,English,1003888,English,,,,,,1020273,305026,108762,3750,24853,6628,24751,544919,305,652841,355303,12129,265659,396746,345531,4275,8062,648868,164903,548092,307278,,1020273,612759,6010231,
1/2025,English,1003894,News,230,224,6,,230,1453555,145247,906200,23826,70112,7500,75274,219742,170,389156,1019769,44630,1136478,218976,74693,19947,3461,1137584,484457,870220,98878,1361250,92305,,,
1/2025,English,1003895,Business,224,213,11,,224,1609999,151044,1179492,12470,44739,9139,61253,148914,48,222005,1358671,29323,1366698,176790,45538,17051,3922,1332536,390047,1159741,60211,1548620,61379,,,
1/2025,English,1003898,Video,,,,,,812,174,322,43,0,0,108,151,0,385,387,40,359,417,11,8,17,690,502,279,31,796,16,,,
1/2025,English,1003902,World,62,62,,,62,36427,5807,7469,388,4153,1953,4364,11217,9,15693,19704,1030,17070,14930,3455,394,578,27576,12456,18249,5722,25345,11082,,,
1/2025,English,1003988,Travel & Life,,,,,,3826,699,2107,145,0,0,89,737,0,1476,2188,162,2012,1712,11,42,49,3271,2393,1336,97,3479,347,,,
1/2025,English,1004040,Perspectives,24,24,,,24,120215,11441,61782,4175,10490,1092,6913,24065,7,56628,60756,2831,84709,23748,9683,1411,664,96892,29857,77178,13180,109640,10575,,,
1/2025,English,1004314,Sports,93,92,1,,93,719701,56422,519862,7609,18291,1336,41547,73664,29,139205,568802,11694,617686,69020,24712,5370,2913,563993,178178,514202,27321,701574,18127,,,
1/2025,English,1004323,Travel,163,157,6,,163,3107373,227820,2595131,12173,31825,3663,82310,151572,25,211012,2781176,115185,2889213,119471,30812,65259,2618,2710747,1353271,1713464,40638,3080032,27341,,,
1/2025,English,1004329,Life,97,97,,,97,1767038,127781,1285205,8109,26183,3481,150252,147813,48,116037,1581836,69165,1566343,146609,23419,26463,4204,1379693,726413,1009532,31093,1725066,41972,,,
1/2025,English,1006144,Tech,64,64,,1,63,110312,9972,47213,3076,14943,2152,4361,28284,7,45846,61549,2917,67737,26835,13844,1057,839,90186,29203,65306,15803,100530,9782,,,
1/2025,English,6666666,Other,,,,,,688,120,64,6,0,0,3,495,0,476,206,6,71,83,447,,87,472,140,285,263,83,605,,,
1/2025,Ngoi sao,1002835,Ngôi sao,,,,,,13173736,5951193,1255849,3205,22717,34162,553965,5331184,2540,10532918,2599140,41678,7362581,5635202,110869,49710,15374,6738039,1064954,5425754,6683028,34,13173702,1723180,2933941,
1/2025,Ngoi sao,1002836,Showbiz,538,536,2,,538,11585836,326340,1915437,1389480,3822264,344762,1412270,2361503,6378,9334672,2210484,40680,8080799,3222578,185354,81816,15289,6320138,1723221,5920773,3941842,10996729,589107,,,
1/2025,Ngoi sao,1002837,Thể thao,138,138,,,138,1369007,43625,168961,43858,521609,34481,204374,348497,707,1180011,185900,3096,795153,538411,23951,6986,4506,838836,157132,649814,562061,1305665,63342,,,
1/2025,Ngoi sao,1002838,Thời cuộc,165,161,4,4,161,2363647,63992,159755,127010,1008590,94775,360391,541128,5530,1794117,558224,11306,1513665,782282,49304,15929,2467,1456814,292609,1003379,1067659,2179563,184084,,,
1/2025,Ngoi sao,1002905,Thương trường,15,13,2,,15,186188,8090,18593,5515,56685,11646,44888,40428,272,135711,49376,1101,108751,71281,3503,1874,779,131994,25327,84036,76825,162249,23939,,,
1/2025,Ngoi sao,1002906,Thời trang,101,98,3,,101,2096392,47195,129634,450950,570968,54412,340806,499395,1250,1758254,332050,6088,1341942,711001,26699,15155,1595,1330631,438138,1015719,642535,1996326,100066,,,
1/2025,Ngoi sao,1002907,Làm đẹp,125,110,15,,125,1016259,51825,319134,3686,273010,37220,133431,196221,1089,837564,174959,3736,660543,330100,15350,8009,2257,724796,119395,588016,308848,948431,67828,,,
1/2025,Ngoi sao,1002910,Trắc nghiệm,93,93,,,93,4904487,143949,609959,17996,475879,318430,2573556,758426,4836,4263299,626639,14549,3623815,1201355,45422,27152,6743,1168341,538875,2410475,1955137,4415851,488636,,,
1/2025,Ngoi sao,1002913,Ăn chơi,77,74,3,,77,950258,41924,189084,11423,304302,46036,105350,250005,723,738772,207796,3690,517793,405517,12671,7453,6824,667066,140599,468191,341468,859928,90330,,,
1/2025,Ngoi sao,1002915,Buôn chuyện,,,,,,33473,3068,19105,249,0,8,6543,4464,26,29118,4242,113,22398,10756,23,197,99,26716,14833,12760,5880,33336,137,,,
1/2025,Ngoi sao,1003232,Video,,,,,,46523,5887,21605,201,466,1082,9754,7415,97,39213,7112,198,35866,9562,115,951,29,35370,23068,17130,6325,42783,3740,,,
1/2025,Ngoi sao,1003720,Lối sống,163,159,4,,163,1281305,64347,376045,66364,397587,40803,111871,219431,418,1051794,224893,4618,902508,344196,23466,9395,1740,950185,179071,686929,415305,1209980,71325,,,
1/2025,Ngoi sao,1005535,Xem,66,55,11,,66,435451,18725,88472,32125,144226,8656,56326,85843,375,345580,87937,1934,302224,117976,8620,5828,803,348046,82117,207449,145885,418435,17016,,,
1/2025,Ngoi sao,1005565,Podcasts,3,3,,,3,50112,9747,946,288,14056,2348,12183,10499,23,43129,6875,108,26784,21718,478,1016,116,40012,16033,19051,15028,36679,13433,,,
1/2025,Ngoi sao,8888888,Other,2,,2,,2,42040,5747,4860,769,9832,1829,3484,15400,56,35990,5961,89,22857,17829,56,905,393,31804,10767,19472,11801,21398,20642,,,
1/2025,Tia sáng,1006614,Tia sáng,123,123,,,123,,,,,,,,,,,,,,,,,,,,,,,,,,
1/2025,VnExpress,1000000,VnExpress,,,,,,159911053,62246680,14791888,72612,31799,1015337,4964572,76358205,102481,140440794,18965260,504999,81449898,51862453,25903114,561058,134530,97760487,10786156,69204440,79920457,,159911053,27529661,21963474,
1/2025,VnExpress,1001002,Thế giới,778,778,,450,328,42376462,2300787,3547926,661725,12952984,3843352,5216976,13591772,194548,34140370,8059956,176136,24700314,12715760,4702283,229378,28727,24481736,3688213,18245758,20442491,32316311,10060151,,,
1/2025,VnExpress,1001005,Thời sự,429,427,2,320,109,29137051,1826292,4243554,1615855,10049336,1255562,2337417,7684525,83309,27116188,1971787,49076,17955856,7948480,3077420,136275,19020,21133959,3293892,14999792,10843367,25567348,3569703,,,
1/2025,VnExpress,1001006,Xe,251,219,32,38,213,9293515,500778,2816323,105830,1575236,638138,625436,3000135,23821,8579330,694846,19339,5665171,2977053,594948,40007,16336,6218844,1644094,5126227,2523194,5594420,3699095,,,
1/2025,VnExpress,1001007,Pháp luật,368,368,,148,220,23424351,1213276,3012582,1692057,6694148,1478395,2917575,6252785,103278,21343647,2037480,43224,14525913,6154783,2621296,109148,13211,15375613,2812799,11365072,9246480,20430080,2994271,,,
1/2025,VnExpress,1001011,Thư giãn,217,217,,1,216,5870322,240486,2565735,11932,369565,68875,2040334,520630,50963,5568647,294524,7151,4744422,898629,186382,39002,1887,2596916,543047,4280357,1046918,5696387,173935,,,
1/2025,VnExpress,1001012,Ý kiến,195,195,,4,191,5636776,255186,2163290,552827,831103,186208,534461,1029723,32964,5010504,611136,15136,4099071,1033556,469432,33164,1553,4195532,632610,3393862,1610304,5210527,426249,,,
1/2025,VnExpress,1001014,Tâm sự,378,378,,,378,7721709,368695,752466,26571,1497215,1236926,1141595,2653822,42695,6714976,989695,17038,4214863,2746477,717079,40504,2786,3499545,735904,2901561,4084244,5269592,2452117,,,
1/2025,VnExpress,1002565,Thể thao,749,573,176,206,543,33050777,1709623,3611860,265186,9052427,3056723,3382918,11888585,63660,29168087,3799410,83280,19994274,9445124,3403912,154000,53467,18295925,3253364,15493866,14303547,24634848,8415929,,,
1/2025,VnExpress,1002691,Giải trí,424,408,16,110,314,12840107,566955,2411649,352402,3629076,762151,1743306,3274308,79171,10606913,2180473,52721,6906388,4612643,1215350,93397,12329,8512437,1692961,6177782,4969364,11094919,1745188,,,
1/2025,VnExpress,1002966,Đời sống,275,182,93,43,232,8531794,428904,2470981,253650,2044844,372937,769826,2128322,29706,7389791,1110810,31193,5089952,2697958,687583,50090,6211,6555139,1427000,4263894,2840900,7665402,866392,,,
1/2025,VnExpress,1003159,Kinh doanh,598,346,252,168,430,11739590,925785,1937975,427555,3546423,646047,805033,3381832,46237,10405278,1300258,34054,6088382,4340666,1238656,62000,9886,8832126,1499418,5753289,4486883,9675686,2063904,,,
1/2025,VnExpress,1003231,Du lịch,235,187,48,52,183,4598412,231900,1467148,94144,1058838,198155,401808,1097214,21890,3925145,650510,22757,2626787,1512622,420682,31593,6728,3511670,730819,2365014,1502579,4105907,492505,,,
1/2025,VnExpress,1003450,Góc nhìn,35,35,,,35,2163172,78519,128017,71596,650010,50378,102176,1077805,1203,1929619,225339,8214,771626,881828,494060,13533,2125,1697786,192424,1071768,898980,1554886,608286,,,
1/2025,VnExpress,1003497,Giáo dục,224,194,30,52,172,6582805,495769,2402461,427154,1342387,167980,455831,1256545,24044,6110996,458573,13236,4092569,1920515,529531,35670,4520,5148581,1346968,3612970,1622867,5975827,606978,,,
1/2025,VnExpress,1003750,Sức khỏe,885,319,566,57,828,9014921,464578,1599328,486658,2633843,292419,640264,2825047,41271,7873422,1112913,28586,5234907,2671476,1004307,52962,51269,6760921,1357429,4499171,3158321,8225017,789904,,,
1/2025,VnExpress,1004492,Mới nhất,,,,,,4503685,427935,180080,139,473068,109093,369856,2942269,856,3889651,542569,71465,857329,1963726,1663932,12130,6568,3061161,479981,1408234,2615470,,4503685,,,
1/2025,VnExpress,1005628,Bất động sản,151,109,42,30,121,3096819,160195,426179,119920,925101,218434,235953,981371,11696,2823030,266038,7751,1355161,1355909,362896,18757,4096,2365193,354703,1473999,1268117,2254111,842708,,,
1/2025,VnExpress,1005712,Thời tiết,,,,,,226200,16420,113510,301,11777,476,720,82910,10,213875,11921,404,164151,39886,18572,715,2876,200744,62271,136572,27357,,226200,,,
1/2025,VnExpress,1005858,Spotlight,,,,,,3285,177,14,3,814,299,444,1507,22,2982,302,1,1744,1510,,16,15,2405,413,1729,1143,,3285,,,
1/2025,VnExpress,1005953,Đọc nhanh,,,,,,417044,0,0,0,0,0,0,417044,0,370856,45152,1036,,,417044,,,351807,,92552,324492,,417044,,,
1/2025,VnExpress,1006219,Khoa học công nghệ,481,431,50,112,369,12323361,829867,2331241,353365,3592142,563698,1065775,3475387,39849,10634906,1634135,54320,6964676,3879500,1394360,73425,11400,9152710,1639196,6022636,4661529,10522365,1800996,,,
1/2025,VnExpress,1006255,VnE-GO,254,253,1,76,178,9211921,334827,353139,242756,3976748,330464,654274,3280816,32406,8396322,796919,18680,5127775,3311893,714825,35149,22279,5507044,922924,4554049,3734948,7898133,1313788,,,
1/2025,VnExpress,9999999,Other,,,,,,625998,13443,18350,980,6399,6009,11034,568082,1235,546550,77525,1923,53355,43910,526243,918,1572,540041,22311,165356,438331,14776,611222,,,
2/2025,English,1003888,English,,,,,,943484,267158,109786,931,27543,7764,30228,498444,318,627455,308903,7126,236379,390695,304041,3872,8497,618751,143157,577028,223299,,943484,904895,5364739,
2/2025,English,1003894,News,257,252,5,,257,1018731,106077,561382,30265,67496,7601,55140,185767,78,324886,674792,19053,725199,211117,68539,10556,3320,790953,322517,621916,74298,929918,88813,,,
2/2025,English,1003895,Business,261,247,14,,261,1441205,150461,962788,17622,46993,9717,88147,161294,38,235082,1179922,26201,1167804,203688,46254,19941,3518,1166274,401094,997149,42962,1377520,63685,,,
2/2025,English,1003898,Video,,,,,,637,128,293,15,0,0,76,117,0,266,351,20,313,298,2,3,21,546,380,232,25,615,22,,,
2/2025,English,1003902,World,54,54,,,54,29662,4734,2733,440,4266,2153,3371,10797,6,16325,12756,581,10617,14792,3347,311,595,21318,9323,16005,4334,17882,11780,,,
2/2025,English,1003988,Travel & Life,,,,,,3123,628,1760,279,0,0,90,331,0,1234,1716,173,1820,1193,19,35,56,2647,2062,1033,28,3121,2,,,
2/2025,English,1004040,Perspectives,33,33,,,33,147569,13299,87910,7742,8599,1303,5902,22568,7,59272,86016,2281,113000,24103,8310,1710,446,121200,32030,105306,10233,136902,10667,,,
2/2025,English,1004314,Sports,95,95,,,95,222883,20607,146427,1998,12451,1213,10296,28119,12,37809,174206,10868,174325,32299,12005,2971,1283,186906,98586,111238,13059,212751,10132,,,
2/2025,English,1004323,Travel,133,132,1,,133,2023407,157345,1625090,12527,28498,3912,75641,117573,38,189415,1805216,28776,1851653,113511,23856,31356,3031,1715659,481364,1511062,30981,1997423,25984,,,
2/2025,English,1004329,Life,139,139,,,139,2985054,229357,2047372,20336,27535,3505,338439,253127,21,125120,2792092,67842,2664714,252744,26517,36595,4484,2189579,1348116,1605924,31014,2952791,32263,,,
2/2025,English,1006144,Tech,80,80,,,80,950983,109615,718244,7408,18363,2152,28312,66335,13,68023,856916,26044,871672,55441,17776,5267,827,801245,621100,314227,15656,938245,12738,,,
2/2025,English,6666666,Other,4,1,3,,4,160,59,51,4,0,0,2,44,0,92,63,5,61,64,,1,34,112,73,84,3,52,108,,,
2/2025,Ngoi sao,1002835,Ngôi sao,,,,,,14066527,6345163,1382553,3985,24874,38654,719029,5530642,2737,11488400,2563069,15058,7234116,6684646,82669,48139,16957,7069133,1089076,8357166,4620285,23,14066504,1836713,3134141,
2/2025,Ngoi sao,1002836,Showbiz,526,524,2,,526,14406169,392595,2043642,1657009,4870172,434978,1950137,3035943,8646,11820830,2565042,20297,9614672,4466014,217670,89968,17845,7406810,1973614,8851378,3581177,13711102,695067,,,
2/2025,Ngoi sao,1002837,Thể thao,114,114,,,114,1151234,51025,344154,47012,345890,34779,133763,192435,600,1014257,136054,923,769227,356792,15882,6424,2909,828086,139554,770700,240980,1091450,59784,,,
2/2025,Ngoi sao,1002838,Thời cuộc,202,201,1,7,195,2644046,120470,167727,133032,1106801,105302,415993,586604,5737,2068469,572445,3132,1588062,982861,52931,15556,4636,1619134,296954,1480427,866665,2456475,187571,,,
2/2025,Ngoi sao,1002905,Thương trường,16,3,13,,16,104730,7331,10955,1618,16349,12910,26795,28466,262,84847,19687,196,37089,64779,888,1117,857,71922,18064,66308,20358,77931,26799,,,
2/2025,Ngoi sao,1002906,Thời trang,84,82,2,,84,1672806,52876,142192,165457,450276,65478,344713,448797,1613,1414951,256152,1703,902050,736035,21999,10911,1811,931761,216174,1079415,377217,1555221,117585,,,
2/2025,Ngoi sao,1002907,Làm đẹp,134,116,18,,134,1269252,55186,357202,3774,392302,47573,173505,238207,1134,1062052,205742,1458,755566,485201,17210,8637,2638,882630,140417,877748,251087,1188574,80678,,,
2/2025,Ngoi sao,1002910,Trắc nghiệm,97,97,,,97,4744326,141391,594510,14677,454400,327287,2472649,735541,3448,4194247,545857,4222,3359774,1313904,40553,23584,6511,1128780,490025,2700639,1553662,4261858,482468,,,
2/2025,Ngoi sao,1002913,Ăn chơi,82,81,1,,82,1052101,43590,183488,13326,346947,56708,132873,273109,739,840148,210666,1287,500588,526692,13173,7333,4315,700604,151832,669434,230835,952430,99671,,,
2/2025,Ngoi sao,1002915,Buôn chuyện,,,,,,38544,3943,21335,163,0,10,9132,3919,30,33292,5197,55,25811,12241,49,241,202,32080,17459,17460,3625,38382,162,,,
2/2025,Ngoi sao,1003232,Video,4,4,,,4,123994,8731,44929,1965,25598,2874,21024,18735,116,109925,13939,130,93968,28859,127,967,73,97395,49194,57258,17542,119307,4687,,,
2/2025,Ngoi sao,1003720,Lối sống,212,210,2,1,211,1602685,67318,315108,83319,567374,50638,186533,327119,598,1330061,270531,2093,998312,561391,31638,9010,2334,1120491,232258,963121,407306,1515088,87597,,,
2/2025,Ngoi sao,1005535,Xem,42,39,3,,42,325917,16194,73445,13609,87821,10020,54668,69382,435,272655,52653,609,196416,118810,5211,3376,2104,253815,65354,190415,70148,306423,19494,,,
2/2025,Ngoi sao,1005565,Podcasts,1,1,,,1,38531,8877,1014,206,7819,3045,10033,7491,46,33789,4713,29,17227,20596,304,278,126,29773,13077,18649,6805,24357,14174,,,
2/2025,Ngoi sao,8888888,Other,6,,6,,6,166150,8890,72193,851,37702,2750,18558,24785,84,151685,14340,125,115721,47352,157,2340,580,132217,21455,120749,23946,146348,19802,,,
2/2025,Tia sáng,1006614,Tia sáng,212,212,,,212,,,,,,,,,,,,,,,,,,,,,,,,,,
2/2025,VnExpress,1000000,VnExpress,,,,,,148299867,57749977,14609587,53213,48303,1002960,5352837,69062095,90936,131175711,17000889,123267,70137937,54797372,22769343,498333,96882,93145736,10049372,81981611,56268884,,148299867,27628252,19015430,
2/2025,VnExpress,1001002,Thế giới,778,778,,423,355,42944415,2176190,3829423,629590,12436119,4177250,5452844,13955484,208758,34719097,8167680,57638,24496184,13517872,4673033,230459,26867,23913928,3563511,21724586,17656318,32780039,10164376,,,
2/2025,VnExpress,1001005,Thời sự,446,445,1,331,115,29112361,1833756,3502114,2263731,9606759,1301640,2456982,8021075,81521,27589896,1507699,14766,16780276,9292369,2897615,123679,18422,20515011,3260535,18166050,7685776,25198621,3913740,,,
2/2025,VnExpress,1001006,Xe,279,258,21,28,251,9546779,476044,2818949,57159,1286627,759306,667808,3439030,27244,8829457,710139,7183,5332714,3655704,500832,40407,17122,5908254,1834787,6098164,1613828,4818427,4728352,,,
2/2025,VnExpress,1001007,Pháp luật,390,390,,132,258,19713752,965531,2160110,1604637,5251221,1478335,2512755,5485190,99978,17914419,1786513,12820,11492250,6010333,2110073,89618,11478,12647256,2322466,11230581,6160705,16731161,2982591,,,
2/2025,VnExpress,1001011,Thư giãn,203,203,,,203,5557768,236813,2300498,5959,425450,84474,1894079,558420,49499,5286360,268703,2705,4235165,1112255,170358,38343,1647,2510219,531612,4275472,750684,5364870,192898,,,
2/2025,VnExpress,1001012,Ý kiến,220,220,,3,217,4828052,183924,1537654,484009,774923,195543,521543,1057895,34368,4444955,378818,4279,3200862,1158213,440294,27146,1537,3449306,537015,3097029,1194008,4413840,414212,,,
2/2025,VnExpress,1001014,Tâm sự,380,380,,1,379,7841595,366913,778989,42682,1499640,1238349,1196572,2673603,43019,6945627,889776,6192,4005942,3107314,685308,39451,3580,3534020,814538,4064737,2962320,5468837,2372758,,,
2/2025,VnExpress,1002565,Thể thao,637,598,39,137,500,16734186,1201072,3152451,83968,3335063,2318441,1546863,5020192,41823,14565700,2151612,16874,9605319,5606274,1407283,77479,37831,9776068,1584084,9196288,5953814,10410951,6323235,,,
2/2025,VnExpress,1002691,Giải trí,425,407,18,98,327,14465258,641179,2663091,529059,3934561,843727,2081439,3644496,100782,11836846,2601833,26579,7724642,5423126,1203106,101788,12596,9364097,2086119,8395496,3983643,12639982,1825276,,,
2/2025,VnExpress,1002966,Đời sống,231,191,40,36,195,7406434,367409,1726841,269273,1875241,362456,758009,1982755,32454,6341714,1053656,11064,3835796,2912072,609186,43727,5653,5402863,1153501,4418375,1834558,6551900,854534,,,
2/2025,VnExpress,1003159,Kinh doanh,540,373,167,200,340,15473155,1318236,2132059,617802,5020763,775383,1042034,4479233,54091,14179299,1281290,12566,7972711,5812176,1610543,67020,10705,11711450,1792087,9491175,4189893,13069553,2403602,,,
2/2025,VnExpress,1003231,Du lịch,214,191,23,32,182,5020520,253906,1474211,159339,1170877,200830,442778,1271026,24476,4340773,673267,6480,2619875,1950974,410467,32101,7103,3760999,833031,3047468,1140021,4539932,480588,,,
2/2025,VnExpress,1003450,Góc nhìn,33,33,,,33,2421768,79945,148830,163885,681006,51302,149652,1135958,1394,2206114,213899,1755,916856,1054280,436301,12910,1421,1828662,261848,1497641,662279,1819257,602511,,,
2/2025,VnExpress,1003497,Giáo dục,258,207,51,55,203,8145536,535534,2747311,717330,1683224,210604,663053,1539892,31270,7651935,487986,5615,5012760,2488322,599810,39869,4775,6210846,1682609,4998710,1464217,7410428,735108,,,
2/2025,VnExpress,1003750,Sức khỏe,878,332,546,60,818,8034343,420625,1370151,408765,2215712,333914,629303,2587669,42967,7101911,924993,7439,4328205,2727154,880533,45808,52643,5790024,1332583,4637307,2064453,7141034,893309,,,
2/2025,VnExpress,1004492,Mới nhất,,,,,,4439790,323967,192245,168,465442,123631,423243,2909633,1035,3840455,581841,17494,772972,2103289,1547245,11888,4396,3018760,388110,2175583,1876097,,4439790,,,
2/2025,VnExpress,1005628,Bất động sản,173,128,45,35,138,3936754,179351,564610,181537,1172789,305148,334518,1171353,17458,3653220,280861,2673,1632223,1916233,362839,22302,3157,2947426,437017,2537781,961956,2978178,958576,,,
2/2025,VnExpress,1005712,Thời tiết,,,,,,384176,24524,195235,1118,10400,482,660,151642,11,333503,50184,489,246555,114677,18756,1030,3158,314070,143623,216897,23656,,384176,,,
2/2025,VnExpress,1005858,Spotlight,,,,,,7037,663,39,18,1181,739,914,3401,64,6532,494,11,3674,3352,,11,,4676,1084,3770,2183,,7037,,,
2/2025,VnExpress,1005953,Đọc nhanh,,,,,,390033,0,0,0,0,0,0,390033,0,349404,40368,261,,,390033,,,327452,,104748,285285,,390033,,,
2/2025,VnExpress,1006219,Khoa học công nghệ,426,406,20,129,297,14169012,742822,3188382,658965,3834877,625136,1231619,3793925,42646,12522406,1631530,15076,8085733,4584825,1409049,78726,10679,10658454,1908866,8446858,3813288,12366341,1802671,,,
2/2025,VnExpress,1006255,VnE-GO,226,226,,61,165,7993150,252025,162202,151309,2980358,371733,612570,3426706,31478,7379864,608403,4883,3363264,3981812,605858,23703,18513,4088625,761691,5220228,2011231,6642743,1350407,,,
2/2025,VnExpress,9999999,Other,,,,,,594643,13811,19231,901,6645,6759,12998,532350,1564,523347,70473,823,53322,53520,485935,842,1024,510150,24048,191842,378753,14546,580097,,,
3/2025,English,1003888,English,,,,,,979888,249824,112198,1320,31718,9366,32848,540808,342,676643,297264,5981,250896,386833,329799,4424,7936,656110,122175,549515,308198,,979888,848561,7048624,
3/2025,English,1003894,News,286,278,8,1,285,2025821,198818,1335310,63569,74701,9041,96905,236946,134,454368,1532392,39061,1643461,277635,78420,22230,4075,1636208,639259,1283287,103275,1928498,97323,,,
3/2025,English,1003895,Business,296,283,13,,296,2485412,209384,1874083,17780,49955,10232,119982,199378,48,268493,2172131,44788,2166381,226060,53343,33505,6123,2047053,693851,1722032,69529,2415502,69910,,,
3/2025,English,1003898,Video,,,,,,723,112,348,26,0,0,71,157,0,304,376,43,362,333,8,6,14,596,428,256,39,639,84,,,
3/2025,English,1003902,World,66,66,,,66,33243,5602,2892,536,4805,2341,4058,11580,10,18092,14564,587,12277,16513,3680,253,520,23715,10600,15925,6718,20418,12825,,,
3/2025,English,1003988,Travel & Life,,,,,,3666,685,1870,65,0,0,81,558,0,1109,2329,228,1381,2164,9,25,87,3348,2407,1228,31,3663,3,,,
3/2025,English,1004040,Perspectives,42,42,,,42,179244,16611,104307,15008,9537,1635,6650,25199,1,68489,108418,2337,137980,29392,9286,1979,607,149035,39748,125712,13784,166407,12837,,,
3/2025,English,1004314,Sports,127,126,1,,127,612102,44507,464009,4179,15800,1487,30374,50785,7,53319,538844,19939,540312,47444,16600,5970,1776,514233,226389,364890,20823,600085,12017,,,
3/2025,English,1004323,Travel,170,169,1,,170,2091014,156724,1639814,44981,36208,4117,77700,128683,27,251084,1809099,30831,1895614,126820,31695,33684,3201,1757173,561935,1483961,45118,2063531,27483,,,
3/2025,English,1004329,Life,129,124,5,,129,2236098,158211,1682221,9630,21489,3803,184533,163844,36,97356,2095528,43214,2005450,180299,19145,28376,2828,1762491,744169,1463118,28811,2200170,35928,,,
3/2025,English,1006144,Tech,100,100,,,100,1065504,133099,802820,5426,17857,2447,28652,73993,11,62991,970314,32199,977202,62687,18029,6527,1059,896043,653147,391880,20477,1051456,14048,,,
3/2025,English,6666666,Other,16,,16,,16,403,123,119,26,0,0,9,125,0,310,92,1,219,126,,,58,279,198,181,24,239,164,,,
3/2025,Ngoi sao,1002835,Ngôi sao,,,,,,16153804,7414574,1654478,2293,29294,46117,807978,6173178,3046,13185993,2959380,8431,8514844,7494500,76475,53021,14964,8093280,1215195,6255082,8683527,27,16153777,2251263,3959874,
3/2025,Ngoi sao,1002836,Showbiz,557,551,6,,557,14264800,452768,2336467,1291666,4694714,439801,1856881,3169444,8058,11662722,2592144,9934,9638799,4300969,217444,91753,15835,7442066,1951251,7073051,5240498,13511696,753104,,,
3/2025,Ngoi sao,1002837,Thể thao,116,116,,,116,1135245,42264,194682,10875,404554,73369,176376,230864,801,983571,150946,728,653164,456160,18581,5553,1787,725947,105000,522934,507311,1056565,78680,,,
3/2025,Ngoi sao,1002838,Thời cuộc,219,217,2,8,211,2796943,96085,278534,92422,1229819,115155,392417,580350,6043,2203998,590769,2176,1724375,994670,57217,16820,3861,1779609,305861,1164522,1326560,2583251,213692,,,
3/2025,Ngoi sao,1002905,Thương trường,27,11,16,,27,238189,11012,26870,15125,85178,13429,40494,45631,218,186325,51634,230,139245,91735,3858,2635,716,175032,36062,99852,102275,208604,29585,,,
3/2025,Ngoi sao,1002906,Thời trang,113,105,8,,113,1877202,53845,221432,130152,567671,69064,302761,529246,1374,1572472,303447,1283,1033645,803253,27918,11130,1256,1121822,226953,884028,766221,1747294,129908,,,
3/2025,Ngoi sao,1002907,Làm đẹp,127,119,8,,127,1402995,64325,473416,7065,363175,50686,205205,236773,1321,1191571,210170,1254,933164,439749,19119,9151,1812,965486,151788,804811,446396,1316125,86870,,,
3/2025,Ngoi sao,1002910,Trắc nghiệm,157,157,,,157,6184816,186068,913700,8868,590951,380303,3130947,969260,3674,5511492,670543,2781,4441764,1649015,55912,30940,7185,1460163,562157,2971530,2651129,5620492,564324,,,
3/2025,Ngoi sao,1002913,Ăn chơi,92,88,4,,92,1143025,50313,191654,15105,363567,60504,167281,291734,1092,915049,227002,974,534828,580064,15465,8132,4536,752858,169473,509526,464026,1034417,108608,,,
3/2025,Ngoi sao,1002915,Buôn chuyện,,,,,,37971,2974,22457,290,1,11,7738,4426,56,33298,4644,29,27048,10475,76,297,75,31494,16795,15828,5348,37792,179,,,
3/2025,Ngoi sao,1003232,Video,,,,,,83754,6973,30148,350,651,1233,23932,20287,86,73262,10408,84,63556,19263,374,514,47,61541,32718,36204,14832,78154,5600,,,
3/2025,Ngoi sao,1003720,Lối sống,222,216,6,,222,1981938,86790,591523,68526,642889,54565,206791,325823,497,1670382,310029,1527,1361460,570764,35107,11554,3053,1432864,239880,1037411,704647,1890513,91425,,,
3/2025,Ngoi sao,1005535,Xem,68,63,5,,68,697461,31915,179597,26971,220222,11578,92069,134081,375,591531,105427,503,452700,228392,10598,4519,1252,541618,101389,355061,241011,675283,22178,,,
3/2025,Ngoi sao,1005565,Podcasts,7,7,,,7,90248,11923,3684,513,40539,3363,12560,17568,82,81781,8438,29,58456,30818,369,498,107,75002,23130,37660,29458,73113,17135,,,
3/2025,Ngoi sao,8888888,Other,2,,2,,2,97864,5859,17696,506,18442,2553,9348,43301,113,89785,8029,50,61687,34881,50,858,388,76652,14192,60535,23137,78930,18934,,,
3/2025,Tia sáng,1006614,Tia sáng,219,219,,,219,,,,,,,,,,,,,,,,,,,,,,,,,,
3/2025,VnExpress,1000000,VnExpress,,,,,,167143602,66732309,17181366,104536,62849,1173934,5645695,75745699,107299,148720948,18343201,79453,79144619,61804917,25537127,548079,108860,104819084,11737158,74086555,81319889,,167143602,30676826,21435653,
3/2025,VnExpress,1001002,Thế giới,879,879,,476,403,50523765,2724110,4663164,1338364,13988956,4195298,6173457,17114352,245148,41773049,8718420,32296,29338387,15245495,5651222,259875,28786,28433366,4362376,21746721,24414668,38051646,12472119,,,
3/2025,VnExpress,1001005,Thời sự,508,501,7,364,144,33538817,1867764,4256103,2985074,11255543,1214537,2515107,9295040,92058,31392390,2134683,11744,19294544,10705011,3370257,146953,22052,24109232,3920135,17612047,12006635,28973766,4565051,,,
3/2025,VnExpress,1001006,Xe,331,292,39,37,294,10622366,548694,3152581,134005,1525209,650899,765262,3785133,28155,9877510,739035,5821,5925676,3967287,665403,45191,18809,6772346,1849801,5918225,2854340,6066379,4555987,,,
3/2025,VnExpress,1001007,Pháp luật,446,446,,136,310,20602103,1220763,2730621,1874542,5281409,1235474,2379506,5725737,101670,18558646,2034885,8572,12263764,6045200,2188488,93879,10772,13707492,2472625,10234081,7895397,17578260,3023843,,,
3/2025,VnExpress,1001011,Thư giãn,247,247,,,247,6219918,311546,2896219,9684,416288,98608,1864324,579230,42597,5917260,300540,2118,4920017,1077289,183458,38013,1141,3042950,581344,4535553,1103021,5998655,221263,,,
3/2025,VnExpress,1001012,Ý kiến,234,234,,,234,4235970,215132,1207699,300810,721828,216517,466163,1019026,32892,3910690,323459,1821,2617642,1157847,436636,22730,1115,2957967,505645,2174389,1555936,3782720,453250,,,
3/2025,VnExpress,1001014,Tâm sự,470,470,,,470,8081836,386086,693993,39260,1577009,1321567,1195079,2822080,45393,7126971,951040,3825,4103971,3195093,740299,39688,2785,3642123,779384,2962914,4339538,5514361,2567475,,,
3/2025,VnExpress,1002565,Thể thao,725,674,51,155,570,20030029,1355476,3839245,144784,3972947,2812232,1822844,5991706,52056,17492270,2526587,11172,11680884,6370716,1853212,87558,37659,11588324,1936261,9202074,8891694,12673142,7356887,,,
3/2025,VnExpress,1002691,Giải trí,435,416,19,87,348,13886700,707867,2686740,543076,3607140,850937,1852637,3516999,94320,11738897,2135234,12569,7383575,5177536,1224171,90656,10762,9165898,2079459,6741052,5066189,11977065,1909635,,,
3/2025,VnExpress,1002966,Đời sống,284,248,36,37,247,7311114,351055,1826089,275340,1715991,361836,734091,1956293,36092,6393666,909823,7625,3865485,2766636,631736,42323,4934,5365371,1183889,3483142,2644083,6439958,871156,,,
3/2025,VnExpress,1003159,Kinh doanh,732,461,271,215,517,16112382,1321024,2614085,722269,4781691,900931,1062183,4594138,60041,14450985,1652621,8776,8274572,6107562,1643100,71634,15514,12031644,2101242,8001247,6009893,13349444,2762938,,,
3/2025,VnExpress,1003231,Du lịch,288,230,58,41,247,4830713,278562,1606878,167255,937030,175239,438312,1165930,26773,4275601,550836,4276,2621213,1759180,412749,31480,6091,3626149,869895,2522296,1438522,4399605,431108,,,
3/2025,VnExpress,1003450,Góc nhìn,39,39,,,39,2041403,103520,107145,57708,606251,44601,113126,1004786,1450,1865325,174956,1122,662104,928743,437609,11598,1349,1580188,183546,1032519,825338,1537771,503632,,,
3/2025,VnExpress,1003497,Giáo dục,306,246,60,75,231,7641046,573369,3053474,528311,1342966,181747,549115,1356288,32374,7182733,450678,7635,4669225,2386624,535889,39571,9737,5905791,1639668,4269393,1731985,6891734,749312,,,
3/2025,VnExpress,1003750,Sức khỏe,1029,389,640,49,980,8741767,428798,1662846,696584,2056125,352663,673503,2782701,51796,7797985,937735,6047,4908822,2674740,1057366,49935,50904,6385820,1457325,4279387,3005055,7765520,976247,,,
3/2025,VnExpress,1004492,Mới nhất,,,,,,4911488,294065,226297,195,556333,144221,445683,3242975,1209,4252883,656822,1783,905279,2178844,1810758,12294,4313,3381495,356854,1631337,2923297,,4911488,,,
3/2025,VnExpress,1005628,Bất động sản,255,157,98,51,204,5379629,281074,956354,276438,1594323,346198,405338,1471366,22436,5004681,372263,2685,2619210,2234828,492604,29268,3719,4161625,634045,2733876,2011708,4348855,1030774,,,
3/2025,VnExpress,1005712,Thời tiết,,,,,,308753,22540,159195,471,9812,435,518,115692,9,277269,31264,220,211195,77504,16109,796,3149,258566,107996,175988,24769,,308753,,,
3/2025,VnExpress,1005858,Spotlight,,,,,,7621,439,257,175,1299,910,1029,3438,73,6935,679,7,4242,3307,,72,,5551,1203,4551,1867,,7621,,,
3/2025,VnExpress,1005953,Đọc nhanh,,,,,,453823,0,0,0,0,0,0,453823,0,406521,47130,172,,,453823,,,380810,,112432,341391,,453823,,,
3/2025,VnExpress,1006219,Khoa học công nghệ,480,456,24,123,357,13194252,1029942,2572787,799438,3120412,642420,958559,3940439,41358,11825119,1351997,17136,7068747,4740675,1301689,72042,11099,9299341,1944755,6930076,4319421,9646630,3547622,,,
3/2025,VnExpress,1006255,VnE-GO,247,246,1,66,181,8038557,259160,152534,161408,3318940,366072,635530,3107964,32439,7406460,627711,4386,3740863,3603547,651194,24010,18943,4379328,798604,3954041,3285912,6605559,1432998,,,
3/2025,VnExpress,9999999,Other,,,,,,691868,14443,26919,1011,7958,7452,15115,616832,1801,612263,79135,470,63596,56350,569791,1046,1085,593620,28965,196086,466817,17569,674299,,,
4/2025,English,1003888,English,,,,,,1007094,247747,119863,1918,34398,8787,36574,555861,391,681236,319845,6013,257902,389762,348347,4563,6520,668124,121430,584394,301270,,1007094,624264,6152230,
4/2025,English,1003894,News,280,269,11,,280,1830572,200674,1074525,49510,75983,9181,99745,307228,112,459653,1338908,32011,1426113,291921,86803,20765,4970,1420253,579444,1145102,106026,1727257,103315,,,
4/2025,English,1003895,Business,277,247,30,,277,1865655,193893,1292286,23391,59262,11904,72325,208005,60,319382,1523036,23237,1533285,234820,73010,19270,5270,1529320,543391,1244216,78048,1790612,75043,,,
4/2025,English,1003898,Video,,,,,,902,265,289,52,0,0,122,162,0,325,544,33,400,312,31,9,150,786,562,299,41,845,57,,,
4/2025,English,1003902,World,57,57,,,57,47936,6335,8172,277,4663,2201,5050,19583,15,16981,30249,706,27152,15989,3203,366,1226,37867,13869,27297,6770,35043,12893,,,
4/2025,English,1003988,Travel & Life,,,,,,2781,486,1661,108,0,0,66,416,0,1074,1589,118,1415,1247,7,19,93,2438,1721,994,66,2775,6,,,
4/2025,English,1004040,Perspectives,22,22,,,22,116822,12279,62806,7682,8412,1309,4791,19261,3,53584,61150,2088,79055,28544,7025,1559,639,97021,32894,73508,10420,105756,11066,,,
4/2025,English,1004314,Sports,86,82,4,,86,724453,47057,534004,2032,13647,1287,37722,88304,10,38965,674577,10911,659636,42620,13337,6884,1976,597766,192493,515564,16396,714302,10151,,,
4/2025,English,1004323,Travel,168,161,7,,168,1832566,137650,1420188,27504,33375,3988,71793,132101,16,218901,1596563,17102,1649275,120472,32397,27540,2882,1534247,455532,1332217,44817,1807061,25505,,,
4/2025,English,1004329,Life,130,127,3,,130,2021767,132346,1336718,12765,24631,3723,187721,296049,22,105286,1880545,35936,1816800,156548,22206,23211,3002,1483100,610196,1379564,32007,1970515,51252,,,
4/2025,English,1006144,Tech,123,123,,,123,1428144,102776,1113270,8948,23394,2498,60189,115735,8,78840,1309487,39817,1298604,76809,24658,26698,1375,1192545,640827,760483,26834,1415024,13120,,,
4/2025,English,6666666,Other,23,1,22,,23,340,96,63,16,0,0,4,161,0,238,102,,140,126,,,74,256,141,195,4,186,154,,,
4/2025,Ngoi sao,1002835,Ngôi sao,,,,,,14661733,6830655,1487058,1974,94915,39170,746716,5438874,2613,12024638,2629146,7949,7551879,6964433,75981,49662,19778,7399524,1106959,5589581,7965193,19,14661714,1932239,4664004,
4/2025,Ngoi sao,1002836,Showbiz,497,496,1,,497,9276213,309823,1498459,517663,3252566,361837,1295785,2019589,6399,7499431,1769823,6959,5750371,3287226,154181,63545,20890,5023078,1145439,4335537,3795237,8630804,645409,,,
4/2025,Ngoi sao,1002837,Thể thao,105,105,,,105,965650,33504,210196,10472,337626,70019,129639,171593,555,846548,118487,615,607727,335501,14633,4932,2857,643048,95388,485323,384939,908413,57237,,,
4/2025,Ngoi sao,1002838,Thời cuộc,245,244,1,9,236,4407667,127136,594124,709440,1512951,117666,585960,746497,6437,3695353,709391,2923,3041668,1263115,71443,23648,7793,2889121,827003,1927150,1653514,4182635,225032,,,
4/2025,Ngoi sao,1002905,Thương trường,22,18,4,,22,268749,12806,40641,10404,96745,11334,35752,60326,203,212622,55856,271,158078,102768,4715,2457,731,207861,38357,118942,111450,245595,23154,,,
4/2025,Ngoi sao,1002906,Thời trang,74,72,2,,74,1400670,41098,148179,82274,422163,51497,243852,407766,1088,1166951,232669,1050,749961,619638,20105,9015,1951,838945,181753,636758,582159,1309874,90796,,,
4/2025,Ngoi sao,1002907,Làm đẹp,126,116,10,,126,1943701,95555,854768,15600,455768,44746,234666,238640,988,1710166,232355,1180,1467040,440063,22594,11752,2252,1401801,204964,1221997,516740,1867175,76526,,,
4/2025,Ngoi sao,1002910,Trắc nghiệm,161,161,,,161,6442567,199535,1095926,8885,582760,346496,3254904,950385,2575,5764583,675413,2571,4696129,1650015,55001,33864,7558,1552910,556647,3122405,2763515,5922412,520155,,,
4/2025,Ngoi sao,1002913,Ăn chơi,86,80,6,,86,1051515,50465,216843,12459,340568,50075,144281,234251,483,859878,190689,948,540496,485181,13879,7215,4744,725327,143090,497354,411071,958517,92998,,,
4/2025,Ngoi sao,1002915,Buôn chuyện,,,,,,35384,2743,21516,269,0,18,7049,3701,55,31614,3742,28,24277,10469,23,247,368,29247,15693,15386,4305,35150,234,,,
4/2025,Ngoi sao,1003232,Video,4,4,,,4,70160,7127,25102,576,10773,3070,10926,12360,193,60679,9378,103,50507,18616,154,522,361,53700,27360,26713,16087,60305,9855,,,
4/2025,Ngoi sao,1003720,Lối sống,221,215,6,,221,2814600,137045,1197155,58118,730598,52175,256508,378693,581,2465264,347636,1700,2095274,653528,37044,16913,11841,2060090,311453,1704341,798806,2725468,89132,,,
4/2025,Ngoi sao,1005535,Xem,52,49,3,,52,500311,23191,122906,19105,156781,6685,73236,97613,365,428250,71681,380,316209,170409,8094,3989,1610,388314,91872,232102,176337,485681,14630,,,
4/2025,Ngoi sao,1005565,Podcasts,4,4,,,4,74733,11124,1372,457,33982,2882,9593,14996,31,65268,9429,36,48580,24980,624,490,59,59646,20972,28126,25635,58464,16269,,,
4/2025,Ngoi sao,8888888,Other,2,,2,,2,34962,4295,2299,234,7342,4325,5524,10811,98,30326,4542,94,11860,22254,157,352,339,27010,7560,14082,13320,13355,21607,,,
4/2025,Tia sáng,1006614,Tia sáng,206,206,,,206,,,,,,,,,,,,,,,,,,,,,,,,,,
4/2025,VnExpress,1000000,VnExpress,,,,,,174767895,69564928,17890976,97287,75165,1245645,5571037,79792705,119919,155564617,18669886,533392,83204839,64337911,26537677,565869,121599,107916998,13138797,77991244,83637854,,174767895,31175662,24086508,
4/2025,VnExpress,1001002,Thế giới,840,840,,445,395,40795942,2383715,4031389,695333,11327520,3732793,4614755,13743498,186467,33494180,7273699,28063,22890439,13329019,4332489,220209,23786,23893234,3552068,17444743,19799131,29829532,10966410,,,
4/2025,VnExpress,1001005,Thời sự,574,568,6,419,155,38889314,2416915,5006079,2676861,12864536,1291140,2681340,11798436,100327,36544969,2330713,13632,22867545,11905477,3910969,181501,23822,27590193,4535030,20444033,13910251,33928685,4960629,,,
4/2025,VnExpress,1001006,Xe,299,245,54,27,272,9011642,481125,2879171,95995,1153323,644451,581367,3134955,24882,8340030,666346,5266,5114590,3394706,447681,39838,14827,5758900,1539986,5119941,2351715,4925159,4086483,,,
4/2025,VnExpress,1001007,Pháp luật,407,407,,154,253,21953574,1203893,3756201,1877608,5619602,1319843,2287226,5733660,98724,20078176,1866446,8952,13792297,5839082,2215512,96051,10632,15006673,2666345,11252669,8034560,18978707,2974867,,,
4/2025,VnExpress,1001011,Thư giãn,234,234,,,234,6117400,307733,3011697,16215,398521,90091,1760463,494869,35965,5827950,287458,1992,4955232,1006637,117402,36951,1178,3079637,494930,4502448,1120022,5917765,199635,,,
4/2025,VnExpress,1001012,Ý kiến,218,218,,,218,4430078,180396,1382469,295567,805695,201566,470733,999625,35152,4101337,327056,1685,2838540,1139063,426513,24711,1251,3159648,429555,2385524,1614999,4001702,428376,,,
4/2025,VnExpress,1001014,Tâm sự,402,402,,,402,7776373,385140,808880,27439,1458248,1238368,1161548,2650759,44535,6877315,895983,3075,4055155,2982072,699075,37170,2901,3521045,750724,2895222,4130427,5387851,2388522,,,
4/2025,VnExpress,1002565,Thể thao,760,697,63,144,616,19132298,1301618,3997814,98367,3657662,2615478,1728285,5650674,50836,16675643,2444313,12342,11464303,5886966,1665920,84232,30877,11212894,1849583,8895582,8387133,12148851,6983447,,,
4/2025,VnExpress,1002691,Giải trí,420,400,20,96,324,10751156,551600,2109289,169625,2833133,757511,1275580,2949045,85321,8964133,1774993,12030,5333757,4399409,931447,75299,11244,7336001,1480001,5057486,4213669,9054375,1696781,,,
4/2025,VnExpress,1002966,Đời sống,245,202,43,33,212,7197360,372273,2099028,197742,1596872,346594,667105,1831832,32104,6182957,1006944,7459,3902983,2677238,568153,44631,4355,5339693,1125013,3592080,2480267,6363727,833633,,,
4/2025,VnExpress,1003159,Kinh doanh,837,479,358,271,566,30173884,2609388,4058543,1360360,10127814,1228482,2275261,8342147,98843,27041132,3116050,16702,17143654,9866829,3011867,137178,14356,21341488,3549880,15310275,11313729,26640383,3533501,,,
4/2025,VnExpress,1003231,Du lịch,269,215,54,45,224,4754494,279831,1711937,148380,897382,172922,385029,1103177,24857,4180048,570034,4412,2599674,1760505,360399,29546,4370,3634245,879180,2497296,1378018,4333410,421084,,,
4/2025,VnExpress,1003450,Góc nhìn,36,36,,,36,2062748,90612,90060,94610,616680,40505,127086,997672,2713,1905703,155834,1211,723498,889975,436301,11701,1273,1612684,183263,1042056,837429,1581999,480749,,,
4/2025,VnExpress,1003497,Giáo dục,340,237,103,71,269,7738435,581378,3218071,586348,1269703,193197,529927,1309153,29220,7266215,463512,8708,4891510,2297930,504320,40398,4277,5963099,1702539,4348195,1687701,7002108,736327,,,
4/2025,VnExpress,1003750,Sức khỏe,1024,425,599,69,955,9550525,440350,1991870,659145,2452228,327109,707268,2891821,51599,8564677,978098,7750,5544946,2827102,1089524,51737,37216,6948773,1449641,4834679,3266205,8617009,933516,,,
4/2025,VnExpress,1004492,Mới nhất,,,,,,5029866,300157,235799,224,612584,150957,433326,3294793,1612,4360256,667580,2030,968421,2167664,1877959,12307,3515,3450700,361515,1677676,2990675,,5029866,,,
4/2025,VnExpress,1005628,Bất động sản,233,123,110,27,206,3759527,212971,772111,174481,952523,288251,260591,1047502,18226,3519773,237860,1894,1731979,1677091,328254,19817,2386,2895022,439488,1937622,1382417,2835209,924318,,,
4/2025,VnExpress,1005712,Thời tiết,,,,,,247569,20059,132757,585,12948,470,504,80140,11,234466,12836,267,178205,45458,18879,753,4274,220352,73006,148718,25845,,247569,,,
4/2025,VnExpress,1005858,Spotlight,,,,,,5454,367,70,46,1049,705,812,2347,56,4961,491,2,3202,2219,,31,2,4026,728,3160,1566,,5454,,,
4/2025,VnExpress,1005953,Đọc nhanh,,,,,,456180,0,0,0,0,0,0,456180,0,407924,48091,165,,,456180,,,379674,,109846,346334,,456180,,,
4/2025,VnExpress,1006219,Khoa học công nghệ,434,389,45,55,379,22556447,7265646,2585160,4202385,2585544,540419,703106,4389792,33397,21205958,1330662,19827,16324877,5120914,982184,117197,11275,16342385,7862933,11187409,3506105,8309703,14307818,,,
4/2025,VnExpress,1006255,VnE-GO,233,231,2,74,159,9787923,339897,215828,238215,4043636,403997,720716,3789616,31180,9115799,667631,4493,4763158,4213770,756574,29541,24880,5368824,947545,4868197,3972181,8338632,1449291,,,
4/2025,VnExpress,9999999,Other,,,,,,678754,13997,19667,1055,7698,7176,12391,614850,1541,601926,76424,404,54762,49543,571847,1021,1581,581938,23539,188907,466308,13560,665194,,,
5/2025,English,1003888,English,,,,,,900846,230142,99889,1642,28024,8240,34752,496523,305,609262,286720,4864,226767,367879,296768,4413,5019,613840,110871,525408,264567,,900846,725185,8689408,
5/2025,English,1003894,News,291,286,5,,291,1998824,222890,1238870,68201,78555,8918,95221,271297,75,468590,1502436,27798,1580449,309898,81335,22399,4743,1543309,550899,1348993,98932,1905081,93743,,,
5/2025,English,1003895,Business,267,244,23,,267,2077516,179309,1570995,19621,44536,10212,80907,167763,37,254464,1804844,18208,1762050,239146,46448,25821,4051,1668527,455460,1561446,60610,2012356,65160,,,
5/2025,English,1003898,Video,,,,,,732,152,265,38,0,0,144,129,0,257,444,31,401,292,8,13,18,632,392,318,22,677,55,,,
5/2025,English,1003902,World,60,59,1,,60,36060,7047,3585,341,4062,2115,4498,13085,48,15210,20110,740,15891,15923,3122,277,847,27194,13666,17137,5257,23963,12097,,,
5/2025,English,1003988,Travel & Life,,,,,,2517,485,1508,122,0,0,62,285,0,786,1613,118,1227,1200,12,18,60,2246,1602,875,40,2515,2,,,
5/2025,English,1004040,Perspectives,21,21,,,21,101532,11928,47138,8998,7544,1468,5198,19106,10,47436,52351,1745,67960,25265,6708,1027,572,80154,30442,61918,9172,89388,12144,,,
5/2025,English,1004314,Sports,108,105,3,,108,864567,125588,631677,2340,13421,1334,28032,58309,5,39016,799107,26444,786850,56023,14352,5471,1871,696273,509905,339000,15662,854067,10500,,,
5/2025,English,1004323,Travel,157,157,,,157,2221807,157181,1794951,22283,27562,3881,72261,139329,21,171033,2009419,41355,2018413,131925,24271,43791,3407,1876003,788193,1398567,35047,2197577,24230,,,
5/2025,English,1004329,Life,114,113,1,,114,4342582,291322,3251881,10975,19828,3642,359164,384699,14,90424,4167710,84448,4069100,190375,18025,62556,2526,3173853,1499797,2817010,25775,4295465,47117,,,
5/2025,English,1006144,Tech,90,88,2,,90,1558960,99517,1280440,3833,15067,2407,59634,96323,13,60235,1442065,56660,1432200,76729,14109,34638,1284,1301454,715318,826372,17270,1546820,12140,,,
5/2025,English,6666666,Other,79,42,37,,79,296,111,64,1,0,2,7,111,0,177,117,2,88,145,,,63,176,129,61,106,128,168,,,
5/2025,Ngoi sao,1002835,Ngôi sao,,,,,,14216333,6621667,1479384,7421,288292,36092,723880,5036701,2629,11728409,2481216,6708,7154056,6922536,62552,50013,27176,7276775,1161717,6076204,6978412,33,14216300,1955307,5382664,
5/2025,Ngoi sao,1002836,Showbiz,498,495,3,1,497,10439092,345536,1961965,399291,3546797,332305,1601215,2234920,7049,8450750,1981464,6878,6521727,3648665,173400,67847,27453,5571399,1207992,5380957,3850143,9807083,632009,,,
5/2025,Ngoi sao,1002837,Thể thao,116,116,,,116,1374221,51943,389077,52039,438922,38140,174009,227743,711,1203133,170303,785,933476,409708,19990,7077,3970,959959,144906,774394,454921,1321495,52726,,,
5/2025,Ngoi sao,1002838,Thời cuộc,245,245,,14,231,3829707,138263,808568,109243,1345118,115111,598492,705552,5266,3161567,665761,2379,2559862,1175307,66631,22188,5719,2422370,412919,1974948,1441840,3583133,246574,,,
5/2025,Ngoi sao,1002905,Thương trường,10,5,5,,10,181851,9254,23027,21242,48177,9070,36176,34618,209,152844,28896,111,106105,71532,2088,1355,771,136821,37684,83416,60751,161620,20231,,,
5/2025,Ngoi sao,1002906,Thời trang,72,66,6,,72,929585,34858,124932,52323,287354,42813,166688,218957,982,780672,148260,653,539142,367698,14583,6863,1299,627284,121671,466432,341482,850822,78763,,,
5/2025,Ngoi sao,1002907,Làm đẹp,127,122,5,,127,1571384,75310,624030,15757,343566,40126,252797,217129,1034,1360130,210160,1094,1140096,399724,19071,10231,2262,1084264,164445,987863,419076,1500218,71166,,,
5/2025,Ngoi sao,1002910,Trắc nghiệm,150,150,,,150,6156994,196937,1164506,6923,527495,315812,3016534,924750,2577,5511559,643304,2131,4634645,1426495,51720,33193,10941,1525192,520425,3044029,2592540,5648154,508840,,,
5/2025,Ngoi sao,1002913,Ăn chơi,83,76,7,,83,1191432,55618,204934,17539,401896,50544,167922,290051,454,954712,235920,800,580916,581039,15582,8200,5695,803359,194448,571677,425307,1097226,94206,,,
5/2025,Ngoi sao,1002915,Buôn chuyện,,,,,,29467,2683,20456,317,0,3,3207,2730,58,26680,2751,36,21811,7268,27,205,156,25507,14949,12334,2184,29257,210,,,
5/2025,Ngoi sao,1003232,Video,3,3,,,3,86407,9106,34382,409,7937,2713,14275,17346,126,76387,9921,99,65271,19889,193,971,83,67524,38050,33239,15118,64717,21690,,,
5/2025,Ngoi sao,1003720,Lối sống,229,226,3,,229,3137376,163452,1502263,76355,696798,47027,282940,364284,660,2768349,367520,1507,2472547,602969,38971,20451,2438,2315008,311020,2076477,749879,3051004,86372,,,
5/2025,Ngoi sao,1005535,Xem,45,43,2,,45,362991,19738,94602,5197,96406,4787,65730,76002,327,303828,58874,289,227489,124329,5921,2901,2351,284625,74669,176213,112109,350492,12499,,,
5/2025,Ngoi sao,1005565,Podcasts,1,1,,,1,59604,11259,4110,446,18787,2361,8667,13950,20,51733,7848,23,37794,20614,497,635,64,45074,22104,22859,14641,42232,17372,,,
5/2025,Ngoi sao,8888888,Other,4,1,3,,4,42609,4558,3659,699,10281,5108,6367,11817,82,37062,5534,13,15687,25805,280,403,434,33549,8886,19297,14426,19858,22751,,,
5/2025,Tia sáng,1006614,Tia sáng,218,218,,,218,,,,,,,,,,,,,,,,,,,,,,,,,,
5/2025,VnExpress,1000000,VnExpress,,,,,,161661688,66589474,16978564,54463,57863,1162129,5714650,70633207,100617,144195803,17399152,66733,75937064,60546411,24542044,536635,99534,101487522,11655213,74375484,75630991,,161661688,29324109,28420807,
5/2025,VnExpress,1001002,Thế giới,942,942,,523,419,46859133,2705796,5677889,907592,12820073,4219945,5508362,14763481,192165,39248779,7582262,28092,26733980,15045927,4801253,254495,23478,27624049,4053468,21603447,21202218,35925296,10933837,,,
5/2025,VnExpress,1001005,Thời sự,534,529,5,385,149,29607776,1794077,4615158,1841897,9574215,1325452,2237739,8086229,91127,27848649,1749314,9813,16971669,9605428,2872720,142091,15868,21493518,3203149,15796763,10607864,25413615,4194161,,,
5/2025,VnExpress,1001006,Xe,282,243,39,36,246,10664902,521913,3679288,138518,1555972,747999,679345,3306638,25617,9842876,816717,5309,6295497,3744780,560004,47509,17112,7193941,1659377,6368670,2636855,6499522,4165380,,,
5/2025,VnExpress,1001007,Pháp luật,413,413,,161,252,22948012,1310583,3990684,2442581,5320067,1487786,2501551,5734335,109830,20939118,1996817,12077,14478015,6120821,2226951,110050,12175,15560847,2792170,12249900,7905942,19938589,3009423,,,
5/2025,VnExpress,1001011,Thư giãn,243,243,,,243,7800391,382795,3909430,57391,486461,113176,2171039,643178,36008,7431249,366385,2757,6390009,1237851,118251,52762,1518,4085153,878659,5665324,1256408,7561293,239098,,,
5/2025,VnExpress,1001012,Ý kiến,203,203,,1,202,4940604,213284,1811110,313695,875918,196006,466264,981707,30820,4558387,380411,1806,3333675,1177266,397611,30455,1597,3680992,457048,2911023,1572533,4503199,437405,,,
5/2025,VnExpress,1001014,Tâm sự,320,320,,,320,7218085,362575,653195,23871,1357168,1190156,1063011,2525060,40849,6343795,871162,3128,3678585,2841960,658660,35952,2928,3276118,710958,2808225,3698902,4853906,2364179,,,
5/2025,VnExpress,1002565,Thể thao,719,668,51,202,517,21334750,1415526,4106814,131405,4327312,2878191,2016331,6386773,52091,18587253,2735166,12331,12766368,6602268,1855985,97201,12928,12339848,2073667,10032930,9228153,14055985,7278765,,,
5/2025,VnExpress,1002691,Giải trí,470,452,18,104,366,11604441,598862,2470834,210537,3043227,770727,1384987,3008454,98256,9582522,2009515,12404,6033916,4529191,946473,84039,10822,7879781,1570114,5790598,4243729,9867659,1736782,,,
5/2025,VnExpress,1002966,Đời sống,281,236,45,36,245,8322394,411545,2131491,344871,1998263,380676,798218,2173720,34882,6874262,1439676,8456,4591056,2992450,679400,56060,3428,6171649,1225981,4251667,2844746,7452739,869655,,,
5/2025,VnExpress,1003159,Kinh doanh,699,456,243,223,476,16259354,1373020,2511279,781107,4694292,976237,1053089,4761611,59428,14827514,1422055,9785,8480891,6086187,1604669,79912,7695,12192461,1988413,8202444,6068497,13252071,3007283,,,
5/2025,VnExpress,1003231,Du lịch,263,208,55,42,221,5002846,308209,1816694,151175,994432,198327,429064,1057330,22223,4347112,651015,4719,2770522,1839870,357105,33220,2129,3805862,847920,2720755,1434171,4541193,461653,,,
5/2025,VnExpress,1003450,Góc nhìn,37,37,,,37,1969503,75317,104905,106884,577416,81040,104603,913020,3742,1823233,145296,974,782843,746414,428827,10415,1004,1528548,186063,1006155,777285,1482451,487052,,,
5/2025,VnExpress,1003497,Giáo dục,344,254,90,62,282,8796189,643254,3676514,620802,1441136,234729,635572,1484953,33248,8218358,571688,6143,5574198,2621279,545189,51174,4349,6729124,1825244,5088494,1882451,7968097,828092,,,
5/2025,VnExpress,1003750,Sức khỏe,1079,450,629,116,963,14001103,791401,2805272,1495075,3631930,375933,1031682,3778026,56470,12670438,1323353,7312,8487088,3824004,1604836,77726,7449,10420665,2089942,7512946,4398215,12952146,1048957,,,
5/2025,VnExpress,1004492,Mới nhất,,,,,,4741939,232762,222913,173,543326,148349,487261,3105379,1392,4191017,548943,1979,862640,2108041,1754571,13590,3097,3325150,259430,1695592,2786917,,4741939,,,
5/2025,VnExpress,1005628,Bất động sản,275,147,128,37,238,4667103,229221,892143,259633,1318638,305882,331312,1275593,19628,4373983,291248,1872,2306018,1931722,398657,28171,2535,3638363,547418,2481232,1638453,3724503,942600,,,
5/2025,VnExpress,1005712,Thời tiết,,,,,,282206,22303,163314,1404,10936,439,619,83058,6,271645,10230,331,208026,53174,18577,947,1482,253881,84073,172338,25795,,282206,,,
5/2025,VnExpress,1005858,Spotlight,1,1,,,1,9350,584,321,881,2909,674,762,3142,59,8448,895,7,4378,4906,6,59,1,7593,1520,5424,2406,4122,5228,,,
5/2025,VnExpress,1005953,Đọc nhanh,,,,,,416866,0,0,0,0,0,0,416866,0,372594,44121,151,,,416866,,,353732,,97057,319809,,416866,,,
5/2025,VnExpress,1006219,Khoa học công nghệ,477,380,97,75,402,17161355,5224020,2409600,973135,3335518,386214,778738,3865828,29990,15892033,1259264,10058,11542254,4461184,1074950,74808,8159,12371617,4147241,9352883,3661231,9619711,7724944,,,
5/2025,VnExpress,1006255,VnE-GO,203,202,1,53,150,6962149,272976,171416,95094,2608818,368105,481538,2935105,25980,6415877,541776,4496,3065611,3282200,570241,21155,22942,3613605,696491,3583079,2682579,5614490,1347659,,,
5/2025,VnExpress,9999999,Other,,,,,,676821,16863,20798,918,7832,7665,13881,599059,1635,598287,78135,399,59868,58528,554664,1023,2738,577011,26732,192710,457379,13404,663417,,,
6/2025,English,1003888,English,,,,,,856308,216647,99018,2201,26537,8179,31905,470214,274,569752,281769,4787,213052,354471,279469,4173,5143,583519,110325,489291,256692,,856308,659223,7419447,
6/2025,English,1003894,News,272,260,12,,272,2047973,188251,1260492,139658,72979,9354,97530,266613,125,480273,1535847,31853,1643071,302321,71396,26773,4412,1566935,634783,1318503,94687,1954294,93679,,,
6/2025,English,1003895,Business,254,230,24,1,253,2272214,188690,1770896,21769,43953,10859,73485,154799,46,242363,2005185,24666,1967025,237172,37984,25621,4412,1824214,638676,1578585,54953,2207849,64365,,,
6/2025,English,1003898,Video,,,,,,662,123,284,49,0,0,84,118,0,224,413,25,338,298,7,5,14,558,406,215,41,631,31,,,
6/2025,English,1003902,World,57,57,,,57,36087,7215,3999,468,4560,2630,4388,11516,3,17416,17961,710,13783,18109,3324,259,612,26054,13814,16768,5505,22106,13981,,,
6/2025,English,1003988,Travel & Life,,,,,,3086,513,1207,1070,0,0,68,186,0,1640,1350,96,1968,1080,4,18,16,2650,1979,1061,46,3084,2,,,
6/2025,English,1004040,Perspectives,18,18,,,18,161715,14652,99301,9488,9074,1523,5646,21861,2,53471,106438,1806,123754,27969,7283,1992,717,129578,41728,109179,10808,149254,12461,,,
6/2025,English,1004314,Sports,111,106,5,,111,619160,59056,444090,5423,12301,1724,26869,59695,9,50722,553995,14443,535701,61146,14011,4424,3878,478052,251437,350860,16863,604934,14226,,,
6/2025,English,1004323,Travel,178,173,5,,178,2115792,150278,1689907,40820,27641,4326,74061,124561,27,181528,1913059,21205,1923950,128636,26521,34940,1745,1716778,578605,1502043,35144,2091554,24238,,,
6/2025,English,1004329,Life,104,100,4,,104,3195734,242412,2454576,8741,17585,3544,210146,238751,29,82736,3054052,58946,2975097,157479,14719,45501,2938,2356547,1046785,2126808,22141,3155584,40150,,,
6/2025,English,1006144,Tech,116,113,3,,116,1161272,100598,906085,8644,18608,2944,35479,76813,15,78155,1053016,30101,1027345,98338,16323,17160,2106,942592,580273,560262,20737,1146567,14705,,,
6/2025,English,6666666,Other,87,85,2,,87,223,129,52,4,0,0,2,36,0,85,130,8,59,65,,2,97,183,146,65,12,40,183,,,
6/2025,Ngoi sao,1002835,Ngôi sao,,,,,,13186255,6150945,1363297,2873,216020,37792,739994,4652890,3247,10882082,2297049,7124,6488155,6576088,60901,46551,14560,6679834,1045412,5201247,6939596,16,13186239,1782380,5685829,
6/2025,Ngoi sao,1002836,Showbiz,516,511,5,,516,9531382,321768,1839718,217381,2953640,304409,1850548,2027518,7577,7755759,1766722,8901,5888716,3408090,154071,64973,15532,4764321,1035627,4763025,3732730,8965885,565497,,,
6/2025,Ngoi sao,1002837,Thể thao,105,105,,,105,1242382,56435,448918,16141,321156,28943,190771,178373,697,1110727,130965,690,861881,352556,15484,6853,5608,841721,118275,726412,397695,1197716,44666,,,
6/2025,Ngoi sao,1002838,Thời cuộc,266,265,1,10,256,4579382,158940,1284729,183555,1369598,111173,751452,706911,5338,3843045,733518,2819,3240685,1237662,70660,27116,3259,2915424,466901,2491992,1620489,4360688,218694,,,
6/2025,Ngoi sao,1002905,Thương trường,9,6,3,,9,256213,14236,98888,2791,64125,8951,31844,34578,176,221019,35001,193,184593,65754,2952,1977,937,203093,31654,149944,74615,236012,20201,,,
6/2025,Ngoi sao,1002906,Thời trang,88,81,7,,88,1189122,38143,135234,45957,403632,43599,211944,308097,964,980459,207406,1257,662591,498640,19014,7466,1411,767676,162257,543515,483350,1114169,74953,,,
6/2025,Ngoi sao,1002907,Làm đẹp,113,111,2,,113,1389832,70962,586514,22096,291898,36368,207416,172637,894,1209734,179275,823,1029814,332636,16070,8966,2346,984151,154619,870103,365110,1322978,66854,,,
6/2025,Ngoi sao,1002910,Trắc nghiệm,152,152,,,152,6405398,183282,1261972,5400,517171,318388,3275684,839822,2166,5760417,642389,2592,4814962,1501488,50369,33514,5065,1527789,536448,3110284,2758666,5922926,482472,,,
6/2025,Ngoi sao,1002913,Ăn chơi,69,63,6,,69,941650,49426,201162,12083,285490,45631,138338,207011,558,759919,180540,1191,487903,432070,11565,6980,3132,646040,144120,449597,347933,859778,81872,,,
6/2025,Ngoi sao,1002915,Buôn chuyện,,,,,,23797,2228,16882,239,0,3,2493,1897,31,21110,2663,24,18157,5420,37,123,60,20073,12387,9447,1963,23599,198,,,
6/2025,Ngoi sao,1003232,Video,3,3,,,3,94176,8397,36697,807,15666,3045,13467,15891,189,82891,11146,139,70032,23027,141,657,319,71472,36936,35530,21710,86203,7973,,,
6/2025,Ngoi sao,1003720,Lối sống,242,234,8,2,240,2951790,147380,1344457,66530,698053,44563,282439,364086,712,2627036,323518,1236,2276565,615677,37977,18743,2828,2167953,293869,1870466,787455,2869142,82648,,,
6/2025,Ngoi sao,1005535,Xem,44,42,2,,44,349831,19581,87790,7955,97849,4500,47416,83893,357,295747,53811,273,211307,128727,6101,3068,628,271001,65167,164771,119893,337527,12304,,,
6/2025,Ngoi sao,1005565,Podcasts,2,2,,,2,76406,10829,1044,524,33763,2410,10939,16804,21,64214,12063,129,50041,23348,579,785,1653,58925,24091,27705,24610,57653,18753,,,
6/2025,Ngoi sao,8888888,Other,1,,1,,1,34267,4160,1710,241,7163,4641,6312,9855,95,29156,5085,26,10606,22898,43,278,442,26385,7296,14381,12590,12797,21470,,,
6/2025,Tia sáng,1006614,Tia sáng,227,227,,,227,,,,,,,,,,,,,,,,,,,,,,,,,,
6/2025,VnExpress,1000000,VnExpress,,,,,,164805241,70179114,17959569,64771,42918,1245475,6304727,68510696,124519,145777778,18961864,65599,79397985,59107517,25668104,537761,93874,102490298,11177556,72996973,80630712,,164805241,30930688,31911684,
6/2025,VnExpress,1001002,Thế giới,891,891,,547,344,70344716,3942989,6725448,1701742,20815336,6150805,8389032,22218513,316686,59111616,11188592,44508,41971198,20522922,7462880,355757,31959,38698986,5978487,32389587,31976642,55531164,14813552,,,
6/2025,VnExpress,1001005,Thời sự,576,545,31,379,197,28507789,2069546,4656565,1845709,8818039,1264016,1958318,7774105,77863,26820179,1674062,13548,16472780,9100630,2789450,130144,14785,20778598,3060915,15311776,10135098,24355488,4152301,,,
6/2025,VnExpress,1001006,Xe,284,242,42,28,256,10129620,541549,3691842,156508,1271508,743170,619726,3071160,25345,9429112,694760,5748,6072699,3463772,533601,47127,12421,6827529,1622252,5956935,2550433,6176096,3953524,,,
6/2025,VnExpress,1001007,Pháp luật,388,388,,156,232,22714947,1447585,5387426,2052233,4966920,1346226,2117651,5269418,94366,21075106,1632672,7169,14771663,5835077,1994634,102622,10951,16131465,2533768,12702077,7479102,19862173,2852774,,,
6/2025,VnExpress,1001011,Thư giãn,217,217,,,217,10209008,500362,5129612,120999,447027,104317,3144180,725816,35549,9751925,454223,2860,8737250,1287123,117092,65726,1817,5148065,1209748,7656454,1342806,9983894,225114,,,
6/2025,VnExpress,1001012,Ý kiến,204,204,,1,203,6212018,282826,2930623,346031,867163,172595,531192,997144,29614,5826752,383396,1870,4549039,1214540,408917,37843,1679,4802956,504822,4026388,1680808,5810920,401098,,,
6/2025,VnExpress,1001014,Tâm sự,502,502,,,502,7984579,406688,1063010,46933,1386193,1251068,1162819,2624913,41002,7084634,896316,3629,4345979,2906879,686351,42143,3227,3664791,700437,3198845,4085297,5640091,2344488,,,
6/2025,VnExpress,1002565,Thể thao,748,679,69,187,561,19877286,1365906,3619366,127812,4195053,2543350,1871709,6084651,51275,17248895,2615232,13159,11574422,6356016,1842642,91069,13137,11763048,1996500,9079948,8800838,13255169,6622117,,,
6/2025,VnExpress,1002691,Giải trí,477,455,22,97,380,11239141,542690,2218364,194192,2987392,746589,1434166,3009165,87759,9049027,2177627,12487,5780161,4429862,934119,85193,9806,7397933,1497176,5361374,4380591,9583515,1655626,,,
6/2025,VnExpress,1002966,Đời sống,299,239,60,44,255,9036090,446677,2315249,318186,2293830,375822,774638,2409010,34871,7595445,1431883,8762,5145850,3038356,792005,56206,3673,6820245,1205872,4595608,3234610,8181912,854178,,,
6/2025,VnExpress,1003159,Kinh doanh,749,443,306,177,572,13588310,1059253,2252544,782451,3626453,913691,878547,3979675,53512,12398158,1181082,9070,7020593,5200180,1295586,64948,7003,10206333,1694201,6769405,5124704,10761221,2827089,,,
6/2025,VnExpress,1003231,Du lịch,269,205,64,38,231,4849586,307321,1777882,105462,964160,199875,411627,1041461,19669,4089665,754509,5412,2730782,1729999,351712,35109,1984,3674128,784397,2579895,1485294,4389461,460125,,,
6/2025,VnExpress,1003450,Góc nhìn,32,32,,,32,1858364,68529,104510,60567,577450,93888,92542,854978,3834,1707715,148726,1923,723333,713701,410075,9683,1572,1457866,155175,923255,779934,1386043,472321,,,
6/2025,VnExpress,1003497,Giáo dục,374,283,91,137,237,15947668,1352166,7157384,1067641,1962895,322507,1467705,2523095,54601,15294752,643631,9285,10625231,4382977,835605,96260,7595,11113667,3882401,9444794,2620473,14510428,1437240,,,
6/2025,VnExpress,1003750,Sức khỏe,1013,417,596,77,936,9793487,495235,1859628,936935,2428278,340351,732009,2911683,49299,8806169,980501,6817,5546778,3017363,1165532,57621,6193,7067440,1416811,4974922,3401754,8831112,962375,,,
6/2025,VnExpress,1004492,Mới nhất,,,,,,4816230,239010,237151,146,574900,162541,493561,3106961,1492,4222873,591092,2265,902045,2099643,1796546,15041,2955,3402784,267711,1640970,2907549,,4816230,,,
6/2025,VnExpress,1005628,Bất động sản,281,140,141,34,247,4078152,226098,765802,230688,1095545,285021,288183,1139742,18739,3832085,244236,1831,1923226,1777062,352034,23451,2379,3150788,490778,2102323,1485051,3178543,899609,,,
6/2025,VnExpress,1005712,Thời tiết,,,,,,346114,27519,219676,1083,3498,429,934,92808,18,333429,12240,445,256854,68597,17685,910,2068,309968,108950,212939,24225,,346114,,,
6/2025,VnExpress,1005858,Spotlight,2,2,,2,,8915,495,383,226,2986,610,990,3171,45,8258,655,2,4088,4774,26,23,4,7046,1049,4980,2886,3671,5244,,,
6/2025,VnExpress,1005953,Đọc nhanh,,,,,,428362,0,0,0,0,0,0,428362,0,380540,47676,146,,,428362,,,364397,,100918,327444,,428362,,,
6/2025,VnExpress,1006219,Khoa học công nghệ,409,345,64,63,346,8735557,582588,1512421,255428,2860688,356305,626542,2473604,25384,7720653,1006741,8163,5189229,2529103,967556,43523,6146,6703964,1179205,4345564,3210788,7456563,1278994,,,
6/2025,VnExpress,1006255,VnE-GO,184,184,,35,149,5159245,209364,122020,112011,1852677,304915,399139,2133366,22154,4704269,451024,3952,2474897,2156146,493971,17330,16901,2833780,549982,2565670,2043593,3942624,1216621,,,
6/2025,VnExpress,9999999,Other,,,,,,685166,14838,29066,1143,7795,8427,14159,607836,1584,602832,81705,629,65039,53560,564128,972,1467,593044,30674,194390,460102,11271,673895,,,
7/2025,English,1003888,English,,,,,,967478,244593,117590,2787,32232,9594,32177,526211,449,645823,314908,6747,230092,411394,314268,4499,7225,663786,132750,563321,271407,,967478,510969,2813113,
7/2025,English,1003894,News,285,275,10,,285,1339592,169398,557950,107468,93813,10250,77708,269516,79,482149,838667,18776,922208,304865,93425,13349,5745,925953,463237,772746,103609,1234268,105324,,,
7/2025,English,1003895,Business,256,230,26,,256,1466859,144004,1020051,18953,44449,10265,47570,138294,30,209689,1239246,17924,1199377,204290,40227,15570,7395,1127696,397357,1015797,53705,1400007,66852,,,
7/2025,English,1003898,Video,,,,,,3778,2630,252,37,0,0,621,233,0,2562,1179,37,781,2813,65,16,103,2634,3218,512,48,3725,53,,,
7/2025,English,1003902,World,63,63,,,63,40895,12130,2194,305,4226,2564,3507,11061,0,20566,19751,578,13969,22646,3217,294,769,26308,20346,15058,5491,27634,13261,,,
7/2025,English,1003988,Travel & Life,,,,,,3512,2169,985,101,0,0,30,175,0,1382,2058,72,796,2540,4,6,166,2905,2947,547,18,3510,2,,,
7/2025,English,1004040,Perspectives,20,20,,,20,218677,16769,153888,5006,9737,1493,5853,25362,5,49360,163764,5553,178766,28126,8316,2729,740,178502,85635,122130,10912,205953,12724,,,
7/2025,English,1004314,Sports,109,105,4,,109,412558,37103,152548,15066,11563,1422,11563,37309,10,45634,356119,10805,346007,46234,14455,1802,4060,207191,287190,111185,14183,399920,12638,,,
7/2025,English,1004323,Travel,167,162,5,,167,1726741,136099,1265517,85539,31764,4667,66065,120393,22,153777,1548787,24177,1556651,114737,28988,23190,3175,1372714,517796,1174203,34742,1701229,25512,,,
7/2025,English,1004329,Life,98,92,6,,98,721092,74014,408941,10908,22208,4065,71726,97747,28,81173,620408,19511,570732,121525,17128,8080,3627,486303,310683,388078,22331,689182,31910,,,
7/2025,English,1006144,Tech,138,136,2,,138,461292,46528,254808,16575,21366,2853,14660,54358,7,75730,371100,14462,367706,67024,20298,4815,1449,324542,268399,170415,22478,444870,16422,,,
7/2025,English,6666666,Other,91,91,,,91,1100,146,83,7,0,1,9,854,0,845,251,4,99,197,741,2,61,733,162,787,151,152,948,,,
7/2025,Ngoi sao,1002835,Ngôi sao,,,,,,13351743,6353537,1431389,2110,194690,43175,804976,4498265,4348,11194915,2148150,8678,6428673,6789642,74801,47559,11068,6768840,1036694,5513241,6801808,29,13351714,1793864,4249248,
7/2025,Ngoi sao,1002836,Showbiz,513,512,1,,513,10923301,378290,2474635,328673,3349225,334929,1884558,2153676,7296,9009720,1904553,9028,6882302,3786248,170902,75728,8121,5708541,1192908,5746034,3984359,10353492,569809,,,
7/2025,Ngoi sao,1002837,Thể thao,71,71,,,71,779966,29720,133419,8750,298296,25856,139376,142504,530,668079,111097,790,464908,295931,13491,5304,332,521815,83656,380220,316090,736284,43682,,,
7/2025,Ngoi sao,1002838,Thời cuộc,252,251,1,7,245,3664905,104335,461975,141982,1430993,116419,704526,695934,4298,2994827,666491,3587,2262432,1304778,70963,22675,4057,2181843,398821,1710655,1555429,3445550,219355,,,
7/2025,Ngoi sao,1002905,Thương trường,9,2,7,,9,96492,12031,6616,3968,27232,8339,16127,21994,102,83197,13146,149,45021,49164,1094,1115,98,66662,24335,39688,32469,77967,18525,,,
7/2025,Ngoi sao,1002906,Thời trang,79,79,,,79,1473588,50194,262935,26963,448045,48226,259174,375203,1397,1245673,226747,1168,865618,575085,22150,9813,922,941889,177283,756562,539743,1395998,77590,,,
7/2025,Ngoi sao,1002907,Làm đẹp,112,108,4,,112,1243883,57475,427483,19719,310531,37445,215823,173222,795,1070176,172744,963,865331,352912,16746,8328,566,871806,128540,742010,373333,1179694,64189,,,
7/2025,Ngoi sao,1002910,Trắc nghiệm,154,154,,,154,6895096,197087,1429171,6667,528402,328635,3540392,860900,2548,6251394,640019,3683,5292179,1511746,51891,36486,2794,1634337,546306,3414372,2934418,6412819,482277,,,
7/2025,Ngoi sao,1002913,Ăn chơi,44,40,4,,44,657803,39857,149755,7825,170080,43030,92651,152657,466,534777,122428,598,316083,328007,7008,5682,1023,450977,111921,324564,221318,571854,85949,,,
7/2025,Ngoi sao,1002915,Buôn chuyện,,,,,,25524,2930,16403,180,1,5,3834,2074,55,22760,2737,27,18997,6192,20,256,59,21359,12808,9694,3022,25340,184,,,
7/2025,Ngoi sao,1003232,Video,2,2,,,2,64181,9231,23964,1454,5690,2923,10173,10379,276,54118,9966,97,44137,18058,91,640,1255,48409,28849,24355,10977,55416,8765,,,
7/2025,Ngoi sao,1003720,Lối sống,234,224,10,,234,1592840,72454,345177,51772,596022,45398,191113,287543,615,1339563,252052,1225,1010983,533138,33318,11607,3794,1136876,211486,775298,606056,1513032,79808,,,
7/2025,Ngoi sao,1005535,Xem,37,36,1,,37,347789,18290,102717,4548,90593,4645,63423,62914,313,298058,49350,381,227628,109735,5338,2988,2100,259689,58500,182030,107259,336759,11030,,,
7/2025,Ngoi sao,1005565,Podcasts,2,2,,,2,64336,10296,1364,802,25511,2618,9430,14266,30,55584,8679,73,41311,21774,614,557,80,49618,21879,23928,18529,47464,16872,,,
7/2025,Ngoi sao,8888888,Other,3,,3,,3,30539,3391,1638,173,5227,4745,6521,8663,157,26862,3655,22,8765,21481,56,188,49,23014,6425,12544,11570,9112,21427,,,
7/2025,Tia sáng,1006614,Tia sáng,253,253,,,253,,,,,,,,,,,,,,,,,,,,,,,,,,
7/2025,VnExpress,1000000,VnExpress,,,,,,168689989,72851191,18982939,125945,40132,1290074,6615536,68264242,129508,150753967,17848889,87133,80088346,62501394,25454550,542127,103572,105836567,11883744,74342915,82463330,,168689989,32639451,35381064,
7/2025,VnExpress,1001002,Thế giới,858,857,1,440,418,47970943,2970600,6211867,1719252,12312105,4506945,5259898,14704691,221453,40398449,7532270,40224,27840198,15216052,4639511,250261,24921,28807916,4311690,21860024,21799229,35856397,12114546,,,
7/2025,VnExpress,1001005,Thời sự,602,583,19,410,192,38810260,2526515,6473666,3357991,12022109,1498856,2662059,9866233,110368,36609124,2182795,18341,23347361,11774474,3493224,177098,18103,28229816,4561605,21254772,12993883,34181041,4629219,,,
7/2025,VnExpress,1001006,Xe,326,268,58,43,283,12289683,704870,4849358,285045,1551814,790859,771252,3298052,28808,11510575,772757,6351,7581128,4001402,642849,57231,7073,8563463,1853717,7398983,3036983,8149379,4140304,,,
7/2025,VnExpress,1001007,Pháp luật,379,379,,160,219,20485958,1150349,3156465,2124686,5119250,1358130,2117142,5329079,98739,18759105,1717505,9348,12400390,5956132,2014849,103085,11502,14128726,2394491,10396832,7694635,17604742,2881216,,,
7/2025,VnExpress,1001011,Thư giãn,222,222,,,222,8757907,457766,4488886,72994,439486,97469,2528054,631261,41169,8398101,357093,2713,7384416,1196839,114714,60433,1505,4569354,1035704,6356172,1366031,8539401,218506,,,
7/2025,VnExpress,1001012,Ý kiến,209,209,,,209,5833950,288450,2953960,188853,760296,180798,451921,922705,27689,5506914,325117,1919,4304316,1125555,369299,33151,1629,4558384,526570,3673692,1633688,5416051,417899,,,
7/2025,VnExpress,1001014,Tâm sự,518,518,,,518,9283359,467804,1819296,30595,1443437,1327212,1341363,2809031,43186,8328115,950324,4920,5370274,3134002,726986,48124,3973,4410549,759932,3930304,4593123,6801949,2481410,,,
7/2025,VnExpress,1002565,Thể thao,736,674,62,193,543,22149057,1387063,4278435,288525,4912066,2481524,2154125,6558288,73731,19222386,2907843,18828,12948731,6970028,2106993,109018,14287,13317483,2080894,10534033,9534130,15956112,6192945,,,
7/2025,VnExpress,1002691,Giải trí,444,424,20,99,345,12468618,655881,2668968,510630,3058785,766174,1553734,3146680,90959,10159717,2293549,15352,6764233,4594544,1008159,93772,7910,8467169,1687865,6223035,4557718,10759992,1708626,,,
7/2025,VnExpress,1002966,Đời sống,316,243,73,51,265,10949107,496712,2936609,522164,2671045,410311,978636,2833300,39153,9244274,1692995,11838,6298036,3632246,941223,72584,5018,8261775,1413190,5680885,3855032,10030604,918503,,,
7/2025,VnExpress,1003159,Kinh doanh,777,421,356,187,590,14597105,1238534,2195795,635807,4278434,953837,945035,4243188,57221,13280825,1305599,10681,7511744,5645652,1354832,71179,13698,10960826,1808770,7093167,5695168,11660443,2936662,,,
7/2025,VnExpress,1003231,Du lịch,264,219,45,44,220,6280851,366322,2383190,313167,1176295,216226,539564,1231395,24979,5262777,1010402,7672,3863853,1961781,408255,44213,2749,4853757,871070,3582377,1827404,5787097,493754,,,
7/2025,VnExpress,1003450,Góc nhìn,34,34,,,34,2273494,103866,134294,127250,747359,103986,106996,942796,4197,2111265,160441,1788,970364,857707,431627,12243,1553,1814173,230979,1126266,916249,1763246,510248,,,
7/2025,VnExpress,1003497,Giáo dục,419,325,94,111,308,19767616,1770228,8602228,1244473,2020230,463979,1625180,3904671,63801,19099823,660755,7038,13220016,5587282,854843,93218,12257,12780815,4499829,12316130,2951657,16154024,3613592,,,
7/2025,VnExpress,1003750,Sức khỏe,1034,412,622,84,950,11094332,628251,2680949,1311337,2473669,348252,763390,2785301,51966,10054114,1032436,7782,7066733,2802190,1150074,69651,5684,8321705,1461516,6195806,3437010,10110005,984327,,,
7/2025,VnExpress,1004492,Mới nhất,,,,,,5058416,243713,278279,360,609818,181363,561528,3181505,1632,4481735,574082,2599,940758,2286869,1813476,16005,1308,3573962,300932,1794621,2962863,,5058416,,,
7/2025,VnExpress,1005628,Bất động sản,321,166,155,54,267,5309360,290496,1103137,391052,1395120,320891,359083,1390087,23089,5020624,286468,2268,2783995,2054021,439007,29173,3164,4155821,642733,2803643,1862984,4358011,951349,,,
7/2025,VnExpress,1005712,Thời tiết,,,,,,434902,35711,301319,353,3634,452,1843,91341,10,419731,14965,206,326622,87700,18590,1309,681,389866,142935,265997,25970,,434902,,,
7/2025,VnExpress,1005858,Spotlight,1,1,,1,,91037,21794,4666,4055,20379,786,2187,13796,101,88397,2595,45,49442,36069,4891,592,43,77168,13959,55491,21587,86229,4808,,,
7/2025,VnExpress,1005953,Đọc nhanh,,,,,,432266,0,0,0,0,0,0,432266,0,385854,46172,240,,,432266,,,366364,,104849,327417,,432266,,,
7/2025,VnExpress,1006219,Khoa học công nghệ,519,472,47,78,441,9339403,544779,1728806,267116,3033216,359545,632190,2704416,27873,8368669,961618,9116,5511145,2777449,996506,49328,4975,7213335,1206003,4687681,3445719,8089122,1250281,,,
7/2025,VnExpress,1006255,VnE-GO,251,250,1,64,187,8640566,283195,135868,269586,3284900,327455,558538,3744165,31874,8019685,615856,5025,3601703,4318192,678317,32683,9671,4497564,822896,4398422,3419248,7298439,1342127,,,
7/2025,VnExpress,9999999,Other,,,,,,708509,17104,40958,1463,8935,8914,15248,613632,1926,626300,81555,654,78959,61585,564928,1093,1944,614268,39168,209759,459582,11800,696709,,,
8/2025,English,1003888,English,,,,,,903143,216203,119772,2411,28998,8595,29734,495546,390,612039,283333,7771,224278,363886,307274,4579,3126,607549,124474,521955,256714,,903143,386948,2428009,
8/2025,English,1003894,News,281,264,17,,281,1145165,162886,489345,118417,77282,8423,66520,215582,118,495812,631908,17445,797945,256468,76412,11906,2434,826731,343867,706452,94846,1055123,90042,,,
8/2025,English,1003895,Business,231,216,15,,231,1485480,135798,1043300,22063,40546,8072,47774,132001,23,202359,1261484,21637,1254294,173480,40236,14706,2764,1135940,480446,954478,50556,1426614,58866,,,
8/2025,English,1003898,Video,,,,,,699,364,187,40,0,0,38,58,0,136,530,33,208,477,7,,7,652,540,147,12,625,74,,,
8/2025,English,1003902,World,58,58,,,58,27899,7751,1870,294,3713,2046,2861,8803,4,14638,12557,704,10224,13924,2971,269,511,20563,10888,11961,5050,17003,10896,,,
8/2025,English,1003988,Travel & Life,,,,,,1778,477,781,168,0,0,34,273,0,571,1136,71,853,911,3,9,2,1543,1237,525,16,1777,1,,,
8/2025,English,1004040,Perspectives,14,14,,,14,76080,7259,23775,14362,7772,1470,3565,17762,3,50631,24849,600,45898,22472,6593,780,337,59985,19169,47520,9391,64008,12072,,,
8/2025,English,1004314,Sports,92,87,5,,92,246652,15559,67538,12633,9844,1210,7296,23825,8,30514,210758,5380,201202,31165,10919,1148,2218,102189,178791,56092,11769,234976,11676,,,
8/2025,English,1004323,Travel,179,175,4,,179,1267702,85065,913474,69600,30345,4063,50419,92385,23,167761,1079091,20850,1119284,100537,28083,17882,1916,1023040,392750,839267,35685,1244824,22878,,,
8/2025,English,1004329,Life,131,125,6,,131,384478,43394,153360,8434,26167,3622,37328,66630,28,87821,285663,10994,257798,98601,21698,4228,2153,237021,217364,141849,25265,361178,23300,,,
8/2025,English,1006144,Tech,131,129,2,,131,575305,41271,400315,16859,21524,2916,16094,54413,4,82223,471875,21207,484611,65098,19197,4630,1769,461870,269760,282717,22828,558374,16931,,,
8/2025,English,6666666,Other,84,82,2,,84,2866,74,69,2,0,3,12,2706,0,2278,577,11,99,116,2604,2,45,2117,79,2396,391,125,2741,,,
8/2025,Ngoi sao,1002835,Ngôi sao,,,,,,12704669,6075102,1354808,2099,183845,41444,792777,4233936,3515,10616906,2073306,14457,6091541,6495108,65421,46958,5641,6438298,1017132,5113626,6573911,14,12704655,1610624,3325845,
8/2025,Ngoi sao,1002836,Showbiz,474,470,4,1,473,9108930,290016,1653652,274252,3097356,322524,1612900,1840569,6182,7403208,1692835,12887,5720462,3164757,155271,65449,2991,4694262,1110977,4484697,3513256,8575435,533495,,,
8/2025,Ngoi sao,1002837,Thể thao,53,53,,1,52,557726,18100,57840,26974,211046,23114,100627,118480,499,474381,82521,824,302605,241580,9827,3540,174,376285,74132,244082,239512,518523,39203,,,
8/2025,Ngoi sao,1002838,Thời cuộc,277,277,,17,260,3449549,88995,276372,325094,1384942,111750,597485,655085,4580,2854962,589350,5237,2103124,1258199,65875,20391,1960,2061760,488712,1497099,1463738,3253371,196178,,,
8/2025,Ngoi sao,1002905,Thương trường,17,7,10,,17,436358,14619,106612,4044,79123,9280,134651,87749,162,377048,59021,289,254440,173623,5491,2732,72,230909,49068,234291,152999,419026,17332,,,
8/2025,Ngoi sao,1002906,Thời trang,71,69,2,,71,1010125,31663,116827,40936,273154,42428,222675,280492,1016,846032,162758,1335,510175,478282,14632,6713,323,591165,158909,489844,361372,940109,70016,,,
8/2025,Ngoi sao,1002907,Làm đẹp,107,101,6,,107,1025775,44695,270114,14094,318920,36030,171404,168103,845,859958,164398,1419,653637,348332,16426,6919,461,712917,124686,548497,352592,965551,60224,,,
8/2025,Ngoi sao,1002910,Trắc nghiệm,156,156,,,156,7110793,203895,1697177,7276,508756,315950,3554644,818182,2712,6473882,631333,5578,5581899,1442225,49281,36622,766,1787916,551510,3662633,2896650,6653746,457047,,,
8/2025,Ngoi sao,1002913,Ăn chơi,41,38,3,,41,566150,36247,105095,7630,166422,39740,75616,133470,470,457891,107608,651,255846,299112,6648,4378,166,388932,109263,259666,197221,491077,75073,,,
8/2025,Ngoi sao,1002915,Buôn chuyện,,,,,,22801,2498,13606,220,0,2,4133,2295,29,20326,2442,33,16513,6073,20,165,30,19194,10959,8641,3201,22647,154,,,
8/2025,Ngoi sao,1003232,Video,3,3,,,3,83333,21207,20215,611,11383,2790,14180,12500,437,57192,26019,122,43938,38719,132,486,58,66188,39817,26165,17351,73997,9336,,,
8/2025,Ngoi sao,1003720,Lối sống,152,145,7,,152,1570985,72654,477158,63601,456361,43198,210090,244070,530,1373469,195772,1744,1045075,491888,23372,10323,327,1117664,229605,829275,512105,1497216,73769,,,
8/2025,Ngoi sao,1005535,Xem,63,61,2,,63,487375,21948,119916,8639,171639,5865,73406,85074,332,418425,68378,572,302226,171298,8458,4355,1038,379686,73994,241048,172333,476386,10989,,,
8/2025,Ngoi sao,1005565,Podcasts,1,1,,,1,78584,10262,888,358,39442,2640,8586,15923,28,68106,10431,47,55396,21635,825,721,7,62777,23765,30830,23989,62389,16195,,,
8/2025,Ngoi sao,8888888,Other,1,,1,,1,27954,3300,1453,206,4510,4548,6357,7430,109,24786,3140,28,7837,19665,28,401,23,21081,5870,11507,10577,8068,19886,,,
8/2025,Tia sáng,1006614,Tia sáng,239,239,,,239,,,,,,,,,,,,,,,,,,,,,,,,,,
8/2025,VnExpress,1000000,VnExpress,,,,,,154934196,66851840,17567188,44665,37494,1043785,5149409,63745315,102804,138832808,15973303,128085,71092106,58693154,24563849,505194,79893,96386567,10786374,67823974,76323848,,154934196,31415388,31724997,
8/2025,VnExpress,1001002,Thế giới,785,785,,406,379,36326840,2248930,4434545,1115358,9531376,3588423,3760097,11415959,184142,30240622,6037798,48420,21148960,11234981,3708152,214856,19891,21765850,3285600,15833456,17207784,26237920,10088920,,,
8/2025,VnExpress,1001005,Thời sự,782,752,30,428,354,36752096,3065142,6442935,2514828,11844105,1300842,2362270,9033956,94227,34772425,1958805,20866,21945636,11391663,3230091,169576,15130,26927863,4654534,19566386,12531176,32667606,4084490,,,
8/2025,VnExpress,1001006,Xe,296,258,38,44,252,10322233,567168,3467793,221229,1606206,661313,686292,3079566,24885,9593654,720079,8500,6008028,3636397,624192,49220,4396,7037324,1559944,5900224,2862065,6713986,3608247,,,
8/2025,VnExpress,1001007,Pháp luật,416,416,,166,250,19982192,1141406,3721727,2406102,4534195,1299746,1990429,4772367,94923,18285606,1680407,16179,12709696,5343642,1819799,98585,10470,13922145,2364493,10588952,7028747,17253890,2728302,,,
8/2025,VnExpress,1001011,Thư giãn,208,208,,,208,9176492,562065,5143742,7913,374472,90755,2365595,600541,30601,8838849,333604,4039,8011231,994717,104439,64625,1480,5086004,1334032,6515743,1326717,8966346,210146,,,
8/2025,VnExpress,1001012,Ý kiến,198,198,,,198,5608317,252154,2780653,198610,784752,172360,438857,902944,27221,5271100,334155,3062,4104746,1096434,372728,33141,1268,4354907,462099,3499902,1646316,5211827,396490,,,
8/2025,VnExpress,1001014,Tâm sự,430,430,,,430,10072472,545566,2760599,36335,1398495,1247884,1336412,2703072,42743,9143370,920609,8493,6308264,2994079,710895,53299,5935,5217787,1162925,4334818,4574729,7698053,2374419,,,
8/2025,VnExpress,1002565,Thể thao,717,651,66,167,550,19377984,1318770,4122409,341152,3956045,2294118,1726839,5546374,52622,17032435,2323141,22408,11540133,5974637,1749801,100686,12727,11900232,1925357,9337015,8115612,13575253,5802731,,,
8/2025,VnExpress,1002691,Giải trí,444,410,34,114,330,12612193,662518,3073250,280055,3250355,700132,1422550,3083799,96007,10546893,2045327,19973,6880211,4603519,1028875,91595,7993,8742260,1807603,6291559,4513031,11020764,1591429,,,
8/2025,VnExpress,1002966,Đời sống,297,217,80,71,226,10249213,491701,2631477,576651,2577253,398631,941989,2553281,35280,8819761,1414003,15449,5884242,3428231,867676,64747,4317,7789214,1371405,5322375,3555433,9380975,868238,,,
8/2025,VnExpress,1003159,Kinh doanh,763,396,367,173,590,13564595,1174431,2299642,594754,3850418,829514,826887,3871439,52838,12410823,1140157,13615,7135981,5056637,1294500,71331,6146,10284871,1699011,6746756,5118828,10994927,2569668,,,
8/2025,VnExpress,1003231,Du lịch,243,186,57,55,188,4936295,272730,1756278,198830,1028809,204219,405904,1022821,18497,4319770,608613,7912,2858522,1686168,354655,35076,1874,3833912,752087,2687561,1496647,4474273,462022,,,
8/2025,VnExpress,1003450,Góc nhìn,37,37,,,37,1907717,64156,77286,83326,608524,98459,89890,880740,2848,1778025,127904,1788,728551,748722,418538,10164,1742,1506879,174662,934926,798129,1440696,467021,,,
8/2025,VnExpress,1003497,Giáo dục,313,265,48,99,214,14391431,1104242,6608867,834328,1691352,341303,1122212,2632321,37379,13820328,562371,8732,9690886,3944381,680777,69085,6302,9642261,3115714,8805442,2470275,12510193,1881238,,,
8/2025,VnExpress,1003750,Sức khỏe,1028,386,642,65,963,9065776,469124,1969784,1101283,2051980,315047,671910,2408105,48512,8107042,948527,10207,5530635,2514945,957327,59080,3789,6575443,1225041,4888978,2951757,8164609,901167,,,
8/2025,VnExpress,1004492,Mới nhất,,,,,,4447543,219508,260690,126,525719,155841,479247,2804808,1455,3928685,514664,4194,807405,2015918,1607404,15207,1609,3159194,270839,1526984,2649720,,4447543,,,
8/2025,VnExpress,1005628,Bất động sản,274,141,133,32,242,4012367,225722,888526,239997,998170,289525,273108,1059769,20405,3780086,229345,2936,1987926,1661670,336652,23708,2411,3132094,474965,2118572,1418830,3137592,874775,,,
8/2025,VnExpress,1005712,Thời tiết,,,,,,477377,38353,331589,322,3680,491,5225,97586,17,460926,16178,273,348466,107847,18700,1400,964,426353,151002,297401,28974,,477377,,,
8/2025,VnExpress,1005858,Spotlight,3,3,,2,1,387941,82437,29262,28658,65611,3288,6339,48355,419,376169,11595,177,200481,171257,12301,3728,174,336335,72596,247983,67362,381056,6885,,,
8/2025,VnExpress,1005953,Đọc nhanh,,,,,,394472,0,0,0,0,0,0,394472,0,352384,41731,357,,,394472,,,333787,,91635,302837,,394472,,,
8/2025,VnExpress,1006219,Khoa học công nghệ,387,348,39,72,315,10003107,661244,2063321,508488,3070333,326588,631639,2580041,29943,9008855,981908,12344,6295800,2638268,1008861,56194,3984,7836109,1578190,5032407,3392510,8886968,1116139,,,
8/2025,VnExpress,1006255,VnE-GO,326,326,,106,220,12282824,1280408,189834,631669,3265692,4355293,377419,2146701,30068,11467684,805572,9568,7737130,4010280,474522,51544,9348,6090857,1296924,6636478,4349422,10716095,1566729,,,
8/2025,VnExpress,9999999,Other,,,,,,698879,21084,59072,4300,11743,8931,14290,577180,1972,622331,75640,908,108152,70177,518215,1193,1142,596244,51494,219162,428223,11118,687761,,,
9/2025,English,1003888,English,,,,,,911510,238276,99309,2813,28633,7760,28010,504737,389,617058,289439,5013,198095,391793,314250,4537,2835,615804,129133,547131,235246,,911510,403554,2377075,
9/2025,English,1003894,News,302,291,11,,302,895129,140902,330233,62583,78231,8141,60631,209800,64,425529,458264,11336,529257,274779,79323,9518,2252,631831,290135,518263,86731,805912,89217,,,
9/2025,English,1003895,Business,228,208,20,,228,1441925,156861,1026415,16158,43427,9373,48766,138351,29,197268,1228334,16323,1166297,219437,40408,13470,2313,1139793,513173,880843,47909,1380250,61675,,,
9/2025,English,1003898,Video,,,,,,821,448,189,62,0,0,41,76,0,178,622,21,238,569,7,7,,737,633,171,17,733,88,,,
9/2025,English,1003902,World,52,52,,,52,31942,8924,1935,470,4063,2192,3029,10239,5,16360,14924,658,10878,16901,3577,276,310,23590,13049,13908,4985,20540,11402,,,
9/2025,English,1003988,Travel & Life,,,,,,2214,1061,774,112,0,0,58,176,0,663,1492,59,675,1517,7,7,8,1994,1601,584,29,2211,3,,,
9/2025,English,1004040,Perspectives,17,17,,,17,153220,12389,82380,18905,8264,1224,6994,22630,4,60274,91741,1205,116573,27939,6982,1396,330,111889,45481,99069,8670,141706,11514,,,
9/2025,English,1004314,Sports,123,106,17,,123,262328,29505,165818,4315,11112,1175,15117,33114,5,39546,214637,8145,197393,46889,14614,1934,1498,204746,128447,120045,13836,250744,11584,,,
9/2025,English,1004323,Travel,139,133,6,,139,1313252,78309,1036482,41075,25180,3902,42193,84752,14,141294,1143105,28853,1162384,100577,22883,26312,1096,1101311,480505,804763,27984,1290462,22790,,,
9/2025,English,1004329,Life,106,104,2,,106,413805,54780,220134,4644,24177,3614,37532,66965,33,82210,316280,15315,273166,113387,19640,6486,1126,304963,244949,146605,22251,389970,23835,,,
9/2025,English,1006144,Tech,99,98,1,,99,275779,30172,161808,5049,19013,2841,12355,43486,8,66937,203197,5645,195694,59256,16919,3068,842,217591,103922,154112,17745,257326,18453,,,
9/2025,English,6666666,Other,56,45,11,,56,3742,167,54,42,0,0,9,3470,0,2827,891,24,118,204,3381,,39,2746,161,3101,480,231,3511,,,
9/2025,Ngoi sao,1002835,Ngôi sao,,,,,,12170062,5860577,1309471,3722,157096,38772,766436,4010458,3387,10076462,2086561,7039,5753875,6294970,61947,45532,13738,6176274,1007867,5176760,5985435,21,12170041,1498843,2362436,
9/2025,Ngoi sao,1002836,Showbiz,480,477,3,,480,8217356,261390,1298876,148674,2959119,313372,1456282,1762092,5854,6605305,1606270,5781,4661912,3338177,155164,55908,6195,4171477,985827,4030259,3201270,7690673,526683,,,
9/2025,Ngoi sao,1002837,Thể thao,29,29,,1,28,269514,18448,33292,6194,97678,18303,40558,54501,222,224628,44635,251,131479,130157,4780,2758,340,196145,44827,118680,106007,234325,35189,,,
9/2025,Ngoi sao,1002838,Thời cuộc,312,312,,27,285,3549963,111912,201669,116299,1582912,118192,657093,751058,3988,2811408,735619,2936,1970801,1467209,79617,22785,9551,2012830,391121,1557334,1601508,3347942,202021,,,
9/2025,Ngoi sao,1002905,Thương trường,11,5,6,,11,151416,9650,27502,7947,39258,8303,28901,29671,133,127993,23338,85,84908,62884,2211,1191,222,114628,25955,75961,49500,134888,16528,,,
9/2025,Ngoi sao,1002906,Thời trang,73,70,3,,73,961724,34074,130337,19606,337311,39717,157646,241089,995,797065,163985,674,496046,442994,15885,6201,598,648818,129717,472090,359917,894231,67493,,,
9/2025,Ngoi sao,1002907,Làm đẹp,103,99,4,1,102,935062,41239,209751,6036,318611,35026,156606,165891,704,767057,167257,748,543494,365246,17220,7713,1389,648119,121529,480897,332636,878366,56696,,,
9/2025,Ngoi sao,1002910,Trắc nghiệm,162,162,,,162,6956865,182150,1638852,5575,536709,318041,3496867,774413,2205,6311548,642460,2857,5371285,1494304,53880,33602,3794,1759354,559551,3602481,2794833,6511903,444962,,,
9/2025,Ngoi sao,1002913,Ăn chơi,26,26,,,26,389531,27057,55939,3011,109091,34027,49937,109542,294,291802,97492,237,130582,250855,3851,2802,1441,249396,92920,165621,130990,321541,67990,,,
9/2025,Ngoi sao,1002915,Buôn chuyện,,,,,,21424,3699,13208,390,0,3,2200,1688,161,17914,3485,25,15015,6279,1,104,25,18251,12018,7702,1704,21226,198,,,
9/2025,Ngoi sao,1003232,Video,3,3,,,3,62567,6931,18345,744,13761,2431,9821,10213,313,51809,10691,67,39972,21907,104,422,162,48002,22328,24513,15726,53673,8894,,,
9/2025,Ngoi sao,1003720,Lối sống,153,139,14,2,151,952444,47267,107373,28344,383929,41194,140339,199626,365,779627,172066,751,495662,425600,22102,7674,1406,673339,151722,402965,397757,882896,69548,,,
9/2025,Ngoi sao,1005535,Xem,41,38,3,,41,241487,13908,40629,5605,89007,4885,40530,46293,275,201617,39673,197,135767,96383,5427,2147,1763,192504,48463,105054,87970,231125,10362,,,
9/2025,Ngoi sao,1005565,Podcasts,8,8,,,8,139679,10356,915,1853,81133,3013,15825,25595,25,116034,23546,99,94490,41159,2309,937,784,111742,29093,58351,52235,123327,16352,,,
9/2025,Ngoi sao,8888888,Other,2,,2,,2,27580,4429,1252,361,4531,4473,5340,7061,107,23807,3748,25,7287,19227,38,929,99,20348,6447,12312,8821,8717,18863,,,
9/2025,Tia sáng,1006614,Tia sáng,228,228,,,228,,,,,,,,,,,,,,,,,,,,,,,,,,
9/2025,VnExpress,1000000,VnExpress,,,,,,148583915,64059397,17056296,40891,54269,1002041,5207355,60610042,95705,131992610,16521652,69653,68065261,55413831,24529560,498671,76592,93234497,12106972,66783331,69693612,,148583915,28802964,28677942,
9/2025,VnExpress,1001002,Thế giới,817,817,,422,395,38101716,2139415,4505128,1067393,10195133,3693452,4619404,11675911,172487,31208258,6863767,29691,21444665,12664405,3744808,229116,18722,22435844,4038963,17040541,17022212,28586805,9514911,,,
9/2025,VnExpress,1001005,Thời sự,621,597,24,428,193,31502456,2357671,5076057,2281614,10380581,1238903,2141216,7870650,85159,29823372,1666731,12353,18717152,9689321,2927239,154830,13914,23241158,4040055,17025790,10436611,27782222,3720234,,,
9/2025,VnExpress,1001006,Xe,286,255,31,31,255,8924676,460321,3364334,77669,1135971,662630,627150,2566440,23917,8258192,660858,5626,5181674,3247891,446740,45404,2967,5975603,1553201,5221272,2150203,5430039,3494637,,,
9/2025,VnExpress,1001007,Pháp luật,439,439,,171,268,23054640,1386249,4217285,2781276,5475970,1330481,2368063,5362502,101185,21294918,1750670,9052,14732916,6136267,2057009,117982,10466,16136279,3024432,12511398,7518810,20334196,2720444,,,
9/2025,VnExpress,1001011,Thư giãn,183,183,,,183,9719898,486398,5432286,8220,402026,91986,2658035,598713,41393,9354683,361857,3358,8519378,1038616,94768,65827,1309,5245047,1246985,7298537,1174376,9510943,208955,,,
9/2025,VnExpress,1001012,Ý kiến,206,206,,1,205,4359594,173852,1743606,187915,764738,175307,390988,874131,25679,4049220,308309,2065,2870804,1120766,339295,27599,1130,3283974,455049,2503605,1400940,3966613,392981,,,
9/2025,VnExpress,1001014,Tâm sự,386,386,,,386,8706739,468897,2278774,12348,1232311,1136037,1130694,2407200,38248,7855738,847495,3506,5209132,2820869,623474,46005,7259,4605390,1354006,3547775,3804958,6473755,2232984,,,
9/2025,VnExpress,1002565,Thể thao,715,624,91,173,542,18935507,1246749,3574725,186922,4047726,2438047,1811005,5569286,47209,16477158,2445830,12519,11072827,6055084,1701199,95277,11120,11413661,2131500,8892963,7911044,12764707,6170800,,,
9/2025,VnExpress,1002691,Giải trí,516,396,120,126,390,14183047,821932,3510688,478475,3513684,711980,1602748,3416501,89631,12022631,2146515,13901,7975675,4890283,1203121,106487,7481,9932442,2431406,7182578,4569063,12559506,1623541,,,
9/2025,VnExpress,1002966,Đời sống,273,207,66,44,229,9453095,477149,2998583,410371,2053763,389286,893338,2168841,32832,7916205,1526114,10776,5609450,3084462,683747,71682,3754,7161369,1371271,5191780,2890044,8603960,849135,,,
9/2025,VnExpress,1003159,Kinh doanh,720,402,318,163,557,13724455,1118983,2329923,675076,3855911,859895,857974,3922557,51558,12596296,1117402,10757,7064921,5354184,1226784,72532,6034,10362001,1887553,6975428,4861474,11044546,2679909,,,
9/2025,VnExpress,1003231,Du lịch,228,200,28,53,175,4379678,253250,1437030,110410,1001225,203674,373860,962295,20065,3779921,594649,5108,2363794,1643508,340494,30386,1496,3325153,751582,2278945,1349151,3920819,458859,,,
9/2025,VnExpress,1003450,Góc nhìn,38,38,,,38,2131776,67229,104402,84738,748446,103448,85302,932199,3963,1987327,143253,1196,855721,828505,433833,12394,1323,1718936,221058,1070819,839899,1669126,462650,,,
9/2025,VnExpress,1003497,Giáo dục,234,176,58,69,165,7561157,566599,2480590,634038,1634171,208573,566773,1433384,25653,7105972,448565,6620,4622038,2390300,499950,44540,4329,5828002,1520459,4206081,1834617,6847515,713642,,,
9/2025,VnExpress,1003750,Sức khỏe,1030,415,615,58,972,8942230,507251,2339565,773415,1960086,317724,633804,2341490,45712,7960622,973988,7620,5322441,2594309,958651,62123,4706,6588024,1312230,4899985,2730015,8052343,889887,,,
9/2025,VnExpress,1004492,Mới nhất,,,,,,4187554,207883,261584,162,508901,148637,377085,2681716,1398,3695464,490077,2013,764862,1873130,1532602,15257,1703,3013082,301356,1481219,2404979,,4187554,,,
9/2025,VnExpress,1005628,Bất động sản,275,147,128,34,241,3994680,208582,826623,205368,1059990,301778,294778,1069175,19239,3758179,234054,2447,1847118,1807218,314354,23932,2058,3110333,514300,2111696,1368684,3118310,876370,,,
9/2025,VnExpress,1005712,Thời tiết,,,,,,371600,31280,257767,117,3522,569,648,77433,12,355688,15733,179,266998,84756,17924,1277,645,332961,122638,227510,21452,,371600,,,
9/2025,VnExpress,1005858,Spotlight,2,2,,2,,261522,63828,16904,17296,64591,2015,3350,38960,461,251120,10283,119,132336,114429,13595,1085,77,225429,50065,158692,52765,254578,6944,,,
9/2025,VnExpress,1005953,Đọc nhanh,,,,,,378893,0,0,0,0,0,0,378893,0,337697,40986,210,,,378893,,,319806,,93130,285763,,378893,,,
9/2025,VnExpress,1006219,Khoa học công nghệ,398,330,68,85,313,10169117,628458,2002243,271588,3297540,393836,706993,2748035,32745,9016874,1142739,9504,6061465,2996388,1049126,58503,3635,7795545,1652716,5142808,3373593,8955525,1213592,,,
9/2025,VnExpress,1006255,VnE-GO,292,292,,117,175,15358775,1903015,256136,526580,3465441,6834329,282968,2045201,35329,13992431,1357203,9141,9298327,5164710,801028,85294,9416,5649337,1751358,8558728,5048689,14754258,604517,,,
9/2025,VnExpress,9999999,Other,,,,,,1059628,72623,96090,62051,51923,9215,15005,748714,2059,970707,87889,1032,382152,173401,500742,2173,1160,691181,169896,468313,421419,12556,1047072,,,
10/2025,English,1003888,English,,,,,,1083785,348557,101686,2442,33597,7673,37782,549123,918,662683,411059,10043,208157,524536,343071,5052,2969,757364,241058,575021,267706,,1083785,398600,2402333,
10/2025,English,1003894,News,343,327,16,,343,1362406,224075,617629,105538,86678,8817,87002,225319,63,478034,864914,19458,903533,359319,83856,13447,2251,996724,518316,747037,97053,1260814,101592,,,
10/2025,English,1003895,Business,268,238,30,,268,1460808,191149,981785,30963,47414,9413,60971,135136,34,237162,1197692,25954,1130050,266352,43478,18726,2202,1166755,546110,861233,53465,1397069,63739,,,
10/2025,English,1003898,Video,,,,,,3623,3219,200,83,0,0,39,73,0,198,3335,90,255,3334,5,13,16,3562,3448,163,12,3542,81,,,
10/2025,English,1003902,World,64,62,2,,64,42173,18527,1817,480,4015,2193,3914,9821,1,16114,25044,1015,11570,26879,3132,262,330,34090,23118,14062,4993,30665,11508,,,
10/2025,English,1003988,Travel & Life,,,,,,4716,3394,870,183,0,0,79,165,0,727,3786,203,776,3882,25,9,24,4491,4089,589,38,4703,13,,,
10/2025,English,1004040,Perspectives,15,15,,,15,69022,18657,11652,8928,7235,1270,5030,15939,25,38263,29981,778,29161,33288,5799,493,281,54868,28310,33110,7602,57234,11788,,,
10/2025,English,1004314,Sports,126,123,3,,126,397447,42186,278587,5046,11827,1411,19557,36520,3,43404,347442,6601,319060,59894,14543,2413,1537,308360,157418,225208,14821,384012,13435,,,
10/2025,English,1004323,Travel,163,151,12,,163,1235938,109170,824308,113782,33020,3895,55853,93773,21,171692,1044973,19273,1052467,138480,27088,16852,1051,1002651,491653,711019,33266,1211719,24219,,,
10/2025,English,1004329,Life,140,137,3,,140,564920,73163,298717,9015,32468,3678,64197,80880,20,106004,441417,17499,368603,159838,29123,6163,1193,390453,270371,262010,32539,539615,25305,,,
10/2025,English,1006144,Tech,99,97,2,,99,336305,38259,208818,6694,18733,2844,16735,43637,12,63604,264728,7973,250376,65673,16312,3185,759,263844,138385,179876,18044,318077,18228,,,
10/2025,English,1006582,VnE-GO,,,,,,261,4,0,7,0,0,0,250,0,261,,,147,114,,,,231,18,169,74,259,2,,,
10/2025,English,6666666,Other,27,27,,,27,4773,581,51,71,0,3,65,4002,0,3681,1052,40,120,916,3699,,38,3518,458,3553,762,943,3830,,,
10/2025,Ngoi sao,1002835,Ngôi sao,,,,,,13306849,6618551,1457911,2262,172706,44701,915955,4068510,4219,11052608,2244119,10122,6084562,7101142,61983,53353,5809,6761770,1192968,5344113,6769768,56,13306793,1542529,1469823,
10/2025,Ngoi sao,1002836,Showbiz,497,492,5,,497,7924491,393061,668906,186963,3231556,339672,1514091,1578436,5700,6207980,1708300,8211,3980919,3721950,162158,56976,2488,4022934,1065813,3421679,3436999,7376390,548101,,,
10/2025,Ngoi sao,1002837,Thể thao,33,31,2,1,32,330966,84592,24175,5114,101152,17367,47263,50767,370,212464,117715,787,126998,196718,5174,1884,192,257002,113172,105588,112206,297318,33648,,,
10/2025,Ngoi sao,1002838,Thời cuộc,383,383,,18,365,4241641,213884,200964,155315,2012194,138933,759682,750150,4187,3300761,936194,4686,2260699,1852280,99898,27482,1282,2483974,571338,1710297,1960006,4022980,218661,,,
10/2025,Ngoi sao,1002905,Thương trường,16,3,13,,16,116096,36354,6024,880,23715,9275,22518,16806,94,71245,44565,286,32819,81088,1144,941,104,93313,45764,35296,35036,98534,17562,,,
10/2025,Ngoi sao,1002906,Thời trang,91,84,7,,91,1096033,86673,43675,24564,414383,44396,194448,285829,1110,862517,232313,1203,464468,604004,19665,7549,347,717914,180168,483161,432704,1024226,71807,,,
10/2025,Ngoi sao,1002907,Làm đẹp,94,85,9,,94,711422,78522,84985,5031,229091,35732,142401,134018,606,526670,183785,967,314960,377898,12824,5385,355,491494,153640,292705,265077,652564,58858,,,
10/2025,Ngoi sao,1002910,Trắc nghiệm,156,156,,,156,6651216,199127,1483965,5077,554918,329027,2983554,1091583,2667,6018337,629596,3283,5018985,1544405,52851,33374,1601,1728072,547037,3216826,2887353,6191739,459477,,,
10/2025,Ngoi sao,1002913,Ăn chơi,46,43,3,,46,618821,73369,72292,6689,194447,38999,96100,135992,313,440109,177920,792,219728,386383,7660,4794,256,432638,159166,241898,217757,548248,70573,,,
10/2025,Ngoi sao,1002915,Buôn chuyện,,,,,,46038,30581,12718,273,3,2,1227,1198,20,15819,30055,164,12880,32889,5,157,107,42970,37014,6952,2072,45852,186,,,
10/2025,Ngoi sao,1003232,Video,1,1,,,1,103446,39125,16676,1236,12397,2705,19905,10665,521,58258,44780,408,43118,59142,229,581,376,86424,53983,28754,20709,86215,17231,,,
10/2025,Ngoi sao,1003720,Lối sống,148,137,11,,148,821617,110179,51290,13657,334176,42295,118058,150114,443,592311,228160,1146,357721,437579,19427,6433,457,608581,201221,280229,340167,748218,73399,,,
10/2025,Ngoi sao,1005535,Xem,29,29,,,29,184920,23305,16292,6447,66098,4985,31273,35849,238,141065,43570,285,80236,99006,3754,1766,158,150556,49870,67924,67126,174077,10843,,,
10/2025,Ngoi sao,1005565,Podcasts,9,9,,,9,134769,11587,874,1600,71342,3542,20640,25038,25,114898,19779,92,81235,50102,2150,1241,41,108586,29621,52634,52514,117821,16948,,,
10/2025,Ngoi sao,8888888,Other,3,,3,,3,44723,18725,1422,247,6474,5188,5813,6714,124,26237,18335,151,8450,35839,60,299,75,37471,21115,12707,10901,24392,20331,,,
10/2025,Tia sáng,1006614,Tia sáng,260,260,,,260,,,,,,,,,,,,,,,,,,,,,,,,,,
10/2025,VnExpress,1000000,VnExpress,,,,,,160166457,70216928,18905376,57425,8342657,1111581,5842581,55054052,182680,142824543,17233822,108092,71674680,62472221,25266866,615775,136915,100444426,13311356,71134201,75720900,,160166457,27915102,29875231,
10/2025,VnExpress,1001002,Thế giới,887,887,,423,464,37057990,2209862,4224205,1508324,10436422,4430037,4332341,9679435,203393,30668540,6347658,41792,20681889,12449885,3647469,250163,28584,22415371,4005406,16245135,16807449,27366146,9691844,,,
10/2025,VnExpress,1001005,Thời sự,705,685,20,517,188,37552991,3040458,5543961,3538761,13076544,1734540,2781762,7620075,150678,35574346,1956890,21755,21942508,12024127,3362488,201247,22621,27468298,4983461,20235769,12333761,33562572,3990419,,,
10/2025,VnExpress,1001006,Xe,307,266,41,27,280,8833512,503120,3309526,102196,1178800,820524,669010,2207334,36729,8150485,673084,9943,5053841,3352794,376513,45663,4701,5885807,1590074,5083547,2159891,5202410,3631102,,,
10/2025,VnExpress,1001007,Pháp luật,400,400,,141,259,26972910,1866187,4358476,4510162,6434868,1816516,2724488,5092171,137237,24746191,2207505,19214,17546855,7085695,2174925,148975,16460,19129238,4466716,14156801,8349393,23797059,3175851,,,
10/2025,VnExpress,1001011,Thư giãn,192,192,,,192,8826606,473466,5132944,7118,470877,102951,2115090,477471,45064,8494406,328609,3591,7555859,1111775,91759,64453,2760,5136817,1114240,6526132,1186234,8594926,231680,,,
10/2025,VnExpress,1001012,Ý kiến,236,236,,1,235,5292039,216251,2323249,192608,947287,214140,515040,822107,38403,4925027,361554,5458,3553688,1329441,371332,34926,2652,4033262,522993,3171686,1597360,4874909,417130,,,
10/2025,VnExpress,1001014,Tâm sự,413,413,,,413,8513239,458391,1941082,16286,1495986,1319762,1221848,2007720,50628,7667424,839996,5819,4795470,3029134,628416,50021,10198,4448978,1107452,3543180,3862607,6233368,2279871,,,
10/2025,VnExpress,1002565,Thể thao,710,660,50,166,544,20410556,1425042,3980415,284557,4835367,2948961,1983142,4873619,69578,17823340,2565483,21733,11772239,6779296,1725597,115868,17556,12681238,2454958,9418634,8536964,13810638,6599918,,,
10/2025,VnExpress,1002691,Giải trí,526,389,137,106,420,13319129,773482,2831768,653030,3393471,868947,1659197,2976774,95632,11066862,2228453,23814,7193939,5047903,958676,109224,9387,8919670,2260517,6727379,4331233,10860032,2459097,,,
10/2025,VnExpress,1002966,Đời sống,274,206,68,60,214,10093507,533093,2497970,501924,2823602,484056,1062734,2117669,43887,8648492,1429968,15047,5601373,3619096,784008,82175,6855,7632894,1538545,5171738,3383224,9166338,927169,,,
10/2025,VnExpress,1003159,Kinh doanh,816,419,397,185,631,14529142,1085277,2705756,767442,4188377,1188180,983254,3483247,74582,13344553,1168778,15811,7344021,5857097,1236222,81834,9968,11006973,2036326,7340201,5152615,11492057,3037085,,,
10/2025,VnExpress,1003231,Du lịch,286,240,46,45,241,5078477,299865,1578067,235165,1164845,267541,541490,936497,33838,4251262,814778,12437,2682260,1973022,377726,42641,2828,3798352,864638,2658081,1555758,4573615,504862,,,
10/2025,VnExpress,1003450,Góc nhìn,37,37,,1,36,2165537,138955,93161,114908,730886,138692,134968,804982,5335,2011357,150469,3711,890214,852512,406464,14052,2295,1736633,266285,1067912,831340,1668577,496960,,,
10/2025,VnExpress,1003497,Giáo dục,232,174,58,48,184,6226831,499986,2265658,436712,1299213,233190,511135,941821,30500,5651375,566082,9374,3819384,1969274,389495,42907,5771,4874065,1256524,3463438,1506869,5549670,677161,,,
10/2025,VnExpress,1003750,Sức khỏe,1114,452,662,74,"1,040",9809812,594414,2220214,708909,2579322,424538,919692,2239875,70490,8666044,1129930,13838,5549677,3154966,1022624,71485,11060,7229139,1569379,5055157,3185276,8837725,972087,,,
10/2025,VnExpress,1004492,Mới nhất,,,,,,4623055,224137,278568,244,601575,178633,583967,2557716,197983,4093456,524971,4628,809038,2187436,1603412,19483,3686,3316399,348163,1641194,2633698,,4623055,,,
10/2025,VnExpress,1005628,Bất động sản,293,154,139,36,257,4173169,214177,853906,307687,1106866,421261,328297,893670,25139,3941544,225500,6125,1933081,1899179,311017,26637,3255,3256572,613195,2154308,1405666,3205717,967452,,,
10/2025,VnExpress,1005712,Thời tiết,,,,,,446627,38235,317721,251,4880,684,2187,82262,53,431260,15079,288,315508,111841,16927,1961,390,403731,147540,274318,24769,,446627,,,
10/2025,VnExpress,1005858,Spotlight,2,2,,1,1,241461,59405,25903,15386,52624,2409,4595,33508,272,231130,10191,140,126447,104187,9463,1220,144,206862,47139,150846,43476,233921,7540,,,
10/2025,VnExpress,1005953,Đọc nhanh,,,,,,392161,0,0,0,0,0,0,392161,0,349433,42512,216,,,392161,,,331271,,94781,297380,,392161,,,
10/2025,VnExpress,1006219,Khoa học công nghệ,438,347,91,66,372,8403768,540184,1804180,221002,2715374,494950,615296,1904404,39713,7372425,1014369,16974,4910249,2626107,814977,46974,5461,6550151,1450180,4112587,2841001,7164904,1238864,,,
10/2025,VnExpress,1006255,VnE-GO,295,293,2,145,150,18982045,1590948,1020244,1132090,3793980,7793617,379805,3206025,53962,17182658,1787191,12196,10375232,6301397,2201160,94101,10155,6839841,2099350,10524199,6358496,18075220,906825,,,
10/2025,VnExpress,9999999,Other,,,,,,867837,51228,76119,27001,35855,10840,18941,626364,3087,755031,107527,5279,189722,159119,514366,2192,2438,689795,117226,314200,436411,16502,851244,,,
11/2025,English,1003888,English,,,,,,1034384,312248,98552,3271,35487,7125,60078,514469,801,640528,386288,7568,209262,483061,332653,5510,3898,715835,208403,549803,276178,,1034384,413854,2787238,
11/2025,English,1003894,News,282,278,4,1,281,1403718,232152,564036,151356,92071,8493,129654,194665,68,498126,877447,28145,919829,361051,80350,15884,26604,995487,585220,718384,100114,1304733,98985,,,
11/2025,English,1003895,Business,236,212,24,,236,1428492,183127,959977,28076,40098,8823,105553,86941,35,209785,1199178,19529,1114416,243183,37738,16383,16772,1102808,534579,846149,47764,1373148,55344,,,
11/2025,English,1003898,Video,,,,,,2243,1780,253,75,0,0,56,72,0,166,2047,30,728,1190,14,5,306,2164,2066,160,17,2146,97,,,
11/2025,English,1003902,World,58,58,,,58,47228,23947,1466,395,3532,1853,4262,9132,5,13853,32551,824,13618,27496,2492,301,3321,36909,30004,12961,4263,37116,10112,,,
11/2025,English,1003988,Travel & Life,,,,,,5724,4425,934,148,0,0,87,87,0,677,4944,103,1196,4129,8,17,374,5526,5120,585,19,5716,8,,,
11/2025,English,1004040,Perspectives,19,19,,,19,91808,14588,37123,10454,6724,1119,7536,13984,4,43237,47195,1376,57584,26212,6047,1154,811,72936,28801,55019,7988,81196,10612,,,
11/2025,English,1004314,Sports,122,117,5,,122,688907,61455,495266,7302,9351,1385,49522,22804,5,33005,647022,8880,579565,62205,11151,4497,31489,494759,257289,418805,12813,677484,11423,,,
11/2025,English,1004323,Travel,153,147,6,,153,1211024,113768,860634,49553,32031,3803,85368,57045,17,166483,1025846,18695,1026615,133349,24584,17574,8902,966960,493023,683932,34069,1187811,23213,,,
11/2025,English,1004329,Life,144,138,6,,144,858690,93408,553713,8801,30832,3435,90025,64174,17,104750,731625,22315,630157,176650,28348,12386,11149,615821,441149,383963,33578,834458,24232,,,
11/2025,English,1006144,Tech,129,128,1,,129,271303,38445,126265,14215,21701,2804,25870,36311,19,76445,187777,7081,177570,67813,18265,2898,4757,207699,111677,136930,22696,254353,16950,,,
11/2025,English,1006582,VnE-GO,44,44,,,44,94476,32297,445,5924,8155,26167,6982,14411,2,55169,38265,1042,59065,26174,7788,1366,83,38991,21975,57196,15305,93764,712,,,
11/2025,English,6666666,Other,59,59,,,59,4164,112,92,5,0,3,171,3781,0,3184,955,25,97,318,3711,5,33,3008,161,3151,852,284,3880,,,
11/2025,Ngoi sao,1002835,Ngôi sao,,,,,,12679022,6445540,1361291,2044,184655,40495,963908,3656693,3946,10298750,2368335,11937,5757498,6790376,65912,53832,11404,6619718,1350257,4871540,6457225,37,12678985,1469693,1390308,
11/2025,Ngoi sao,1002836,Showbiz,518,494,24,,518,7190508,384271,659376,183913,3052711,305144,1716582,874529,6109,5583044,1598742,8722,3861565,3105267,154016,52917,16743,3803529,979116,3039428,3171964,6700294,490214,,,
11/2025,Ngoi sao,1002837,Thể thao,19,19,,,19,324485,87065,38647,4343,89553,14106,61358,28767,280,212609,111138,738,133255,181439,4294,1684,3813,250282,100466,123479,100540,294865,29620,,,
11/2025,Ngoi sao,1002838,Thời cuộc,393,386,7,14,379,3804055,208651,175664,171956,1755129,134284,894057,455655,4097,2933562,865571,4922,2063157,1619849,89213,25298,6538,2255450,520175,1508941,1774939,3585119,218936,,,
11/2025,Ngoi sao,1002905,Thương trường,16,7,9,,16,229421,40302,42439,8533,59362,8276,52433,17486,95,162180,66812,429,116724,106638,2880,1531,1648,176492,60046,96997,72378,212775,16646,,,
11/2025,Ngoi sao,1002906,Thời trang,75,74,1,,75,931817,75674,49978,19502,378201,41619,256138,108783,1344,721661,208932,1224,465190,438835,17694,6705,3393,644243,157533,378232,396052,866021,65796,,,
11/2025,Ngoi sao,1002907,Làm đẹp,83,81,2,,83,660952,74928,62893,5118,238208,32959,175546,69746,553,486358,173690,904,310426,329673,12464,4733,3656,471716,133830,263841,263281,607386,53566,,,
11/2025,Ngoi sao,1002910,Trắc nghiệm,151,151,,,151,5908936,185342,1233879,4392,513047,307888,3105631,555672,1785,5295732,609758,3446,4511784,1310357,51842,30851,4102,1524221,512197,2882065,2514674,5487295,421641,,,
11/2025,Ngoi sao,1002913,Ăn chơi,55,53,2,,55,615200,70132,64925,7561,221730,36586,138369,74855,457,457967,156314,919,244049,351537,9488,5618,4508,439951,123089,250989,241122,551949,63251,,,
11/2025,Ngoi sao,1002915,Buôn chuyện,,,,,,41356,26553,11072,223,0,9,3120,336,25,14942,26229,185,12822,27351,7,133,1043,38741,31294,8557,1505,41249,107,,,
11/2025,Ngoi sao,1003232,Video,2,2,,,2,115397,70735,16784,183,9488,2519,9709,5354,585,39164,75938,295,34697,79312,75,448,865,102521,83783,18595,13019,94424,20973,,,
11/2025,Ngoi sao,1003720,Lối sống,183,177,6,1,182,1116248,120008,65381,28833,523532,41215,204802,129097,570,817062,297531,1655,564063,511495,28099,7454,5137,821752,219325,399790,497133,1048984,67264,,,
11/2025,Ngoi sao,1005535,Xem,35,29,6,,35,182645,23761,19228,2534,69161,4538,44209,18307,423,139198,43061,386,90390,84359,3622,1653,2621,149944,48141,65306,69198,172481,10164,,,
11/2025,Ngoi sao,1005565,Podcasts,4,4,,,4,68293,9807,643,4943,26466,2754,12812,10825,20,55275,12933,85,40052,25679,1196,1138,228,53582,24011,22186,22096,51745,16548,,,
11/2025,Ngoi sao,8888888,Other,3,,3,,3,47988,23494,1353,204,5851,4772,6925,5254,112,24397,23384,207,8358,38479,66,467,618,40728,25423,12051,10514,28894,19094,,,
11/2025,Tia sáng,1006614,Tia sáng,202,202,,,202,,,,,,,,,,,,,,,,,,,,,,,,,,
11/2025,VnExpress,1000000,VnExpress,,,,,,144747571,63827757,16662868,64492,30530000,1260321,6843143,24757299,429776,129663818,14964163,119590,64667732,55870062,23490994,585223,133560,92464037,12252149,64707190,67788232,,144747571,24064542,25014289,
11/2025,VnExpress,1001002,Thế giới,765,765,,301,464,29414106,1959548,3336446,917320,9914421,5841619,4014182,3138356,267323,23803295,5574944,35867,16174939,10145776,2842056,210296,41039,17769568,3423609,12635425,13355072,20735941,8678165,,,
11/2025,VnExpress,1001005,Thời sự,691,679,12,542,149,40612470,3330477,4770495,4124500,17479688,2521183,3702353,4359147,263195,38223678,2366140,22652,23791605,12864193,3692154,225657,38861,28709114,5545967,21647301,13419202,36733080,3879390,,,
11/2025,VnExpress,1001006,Xe,312,275,37,24,288,7639690,504501,2744890,108763,1252392,1045890,707385,1212562,55892,7033019,597776,8895,4304168,2959257,324454,39314,12497,5051359,1496122,4292959,1850609,4340235,3299455,,,
11/2025,VnExpress,1001007,Pháp luật,350,350,,118,232,18198166,1145362,2806465,2358531,5523483,2180882,2233947,1771790,157041,16416011,1767697,14458,11157015,5331677,1580652,105970,22852,12679272,2694904,9266034,6237228,15486545,2711621,,,
11/2025,VnExpress,1001011,Thư giãn,181,181,,,181,9206738,543014,5424461,5840,536226,99627,2366573,189185,40920,8787872,413245,5621,8068750,974432,85516,69839,8201,5353768,1647875,6571463,987400,9003906,202832,,,
11/2025,VnExpress,1001012,Ý kiến,193,193,,,193,4280535,199296,1726325,202677,980302,265789,497843,339251,52239,3925659,351718,3158,2817133,1110066,317224,29339,6773,3226725,452258,2488133,1340144,3900934,379601,,,
11/2025,VnExpress,1001014,Tâm sự,405,405,,,405,7592920,441694,1547935,10700,1803477,1653676,1301448,758500,73953,6770374,816843,5703,4211849,2727272,593134,45316,15349,3860918,945927,3125080,3521913,5524479,2068441,,,
11/2025,VnExpress,1002565,Thể thao,721,667,54,162,559,19219760,1506411,3590004,177919,5456135,3897723,2315374,2149300,113144,16551989,2647570,20201,11011089,6424032,1648217,108649,27773,11680081,2377844,8758678,8083238,12698696,6521064,,,
11/2025,VnExpress,1002691,Giải trí,434,367,67,91,343,10366932,850730,2133804,278680,3306709,1087172,1425396,1132084,116748,8440002,1909183,17747,5288088,4178240,789459,87935,23210,7064383,1827028,4997697,3542207,8563231,1803701,,,
11/2025,VnExpress,1002966,Đời sống,280,202,78,50,230,8618108,565818,2075783,430590,2868702,598905,1200267,787355,68107,7161084,1433885,23139,4745123,3140813,648954,67420,15798,6482566,1399353,4342993,2875762,7785957,832151,,,
11/2025,VnExpress,1003159,Kinh doanh,751,368,383,162,589,11168688,939937,1677098,649389,4077341,1499807,962291,1228011,88348,10115447,1040386,12855,5310287,4785481,982637,65729,24554,8462184,1634340,5396819,4137529,8674056,2494632,,,
11/2025,VnExpress,1003231,Du lịch,277,227,50,39,238,5474275,351471,1755480,229652,1422700,338939,608052,695104,55109,4504482,958201,11592,3082384,1772625,561760,47379,10127,4183813,869646,2988959,1615670,5006567,467708,,,
11/2025,VnExpress,1003450,Góc nhìn,38,38,,,38,1901663,138946,88137,94477,737126,206396,177841,447109,9481,1755478,143784,2401,763369,751320,371980,12077,2917,1514344,251933,924744,724986,1439184,462479,,,
11/2025,VnExpress,1003497,Giáo dục,307,172,135,55,252,5876020,462746,1965352,476392,1513579,319737,539572,549751,39123,5341445,525989,8586,3546480,1846983,426322,39005,17230,4619054,1192210,3210462,1473348,5278359,597661,,,
11/2025,VnExpress,1003750,Sức khỏe,1044,442,602,78,966,9697186,593839,1939701,949648,3074659,557778,1226674,1199872,120226,8480548,1204445,12193,5445402,3105372,1047003,74481,24928,7135442,1597291,4968831,3131064,8788572,908614,,,
11/2025,VnExpress,1004492,Mới nhất,,,,,,4240734,208046,246113,109,676556,179414,587926,1530602,811656,3737960,499878,2896,750803,1974201,1493236,19425,3069,3042695,312998,1509552,2418184,,4240734,,,
11/2025,VnExpress,1005628,Bất động sản,280,141,139,35,245,3606460,221960,602182,222173,1293457,519588,330651,370017,34940,3365924,236590,3946,1591693,1689510,291020,25893,8344,2780446,514956,1805384,1286120,2742626,863834,,,
11/2025,VnExpress,1005712,Thời tiết,,,,,,456891,38545,330455,271,8698,776,3050,74605,106,441621,14986,284,331068,106684,16094,2558,487,410738,151964,276970,27957,,456891,,,
11/2025,VnExpress,1005858,Spotlight,4,4,,3,1,217769,53238,6947,9616,75969,5370,9268,17051,558,206097,11511,161,93658,110802,12045,1168,96,191351,37228,128658,51883,211129,6640,,,
11/2025,VnExpress,1005953,Đọc nhanh,,,,,,359076,0,0,0,0,0,0,359076,0,317987,40882,207,,,359076,,,302475,,87083,271993,,359076,,,
11/2025,VnExpress,1006219,Khoa học công nghệ,338,278,60,56,282,7774747,615230,1566842,252544,3000691,646856,711180,896392,49558,6711138,1050019,13590,4615011,2323186,763231,49877,23442,6036927,1410424,3783259,2581064,6665655,1109092,,,
11/2025,VnExpress,1006255,VnE-GO,265,262,3,138,127,18467426,1007934,1963383,1150521,3676409,7389038,482555,2709126,74788,17114360,1343234,9832,9706741,6183009,2477878,83656,16142,5918610,1963892,10478150,6025384,17388482,1078944,,,
11/2025,VnExpress,9999999,Other,,,,,,1026053,74202,102637,62457,64324,11185,21494,675493,3807,917699,106816,1538,346280,194147,479608,2549,3469,701736,186891,426911,412251,18271,1007782,,,
12/2025,English,1003888,English,,,,,,1123780,447298,89930,2246,30205,7135,58552,485761,996,587916,529374,6490,221572,573703,311364,4574,12567,833652,321682,533269,268829,,1123780,446046,5600529,
12/2025,English,1003894,News,300,286,14,,300,1589722,259038,836966,80438,75690,8574,129706,165922,55,450289,1116678,22755,1119726,357727,66055,17202,29012,1209542,637154,856289,96279,1488464,101258,,,
12/2025,English,1003895,Business,259,224,35,,259,2242941,219116,1671955,29140,37385,9203,141182,84730,29,199540,2019499,23902,1895967,250785,34045,21980,40164,1780586,762972,1429844,50125,2179881,63060,,,
12/2025,English,1003898,Video,,,,,,4901,4485,220,76,0,1,66,44,0,162,4711,28,935,3601,13,2,350,4833,4430,461,10,4821,80,,,
12/2025,English,1003902,World,60,60,,,60,63156,35560,2238,1267,3513,1985,4740,7904,3,13800,48694,662,17834,36030,2424,272,6596,48613,44345,14319,4492,51258,11898,,,
12/2025,English,1003988,Travel & Life,,,,,,6707,5468,861,122,0,0,125,75,0,668,5945,94,1433,4800,11,29,434,6511,5869,827,11,6682,25,,,
12/2025,English,1004040,Perspectives,15,15,,,15,80889,17588,28656,8188,5717,1446,6269,12830,5,40022,39762,1105,46497,27777,4883,800,932,66296,30919,42422,7548,68895,11994,,,
12/2025,English,1004314,Sports,161,154,7,,161,1995839,122068,1457448,22996,14978,1470,135572,42150,11,94335,1889534,11970,1715044,121837,19565,11980,127413,1379476,694174,1278979,22686,1980021,15818,,,
12/2025,English,1004323,Travel,154,145,9,,154,1489159,137322,1100811,46546,24780,4292,102295,51289,33,144314,1321663,23182,1281225,146426,20468,20966,20074,1192069,578822,880494,29843,1463029,26130,,,
12/2025,English,1004329,Life,154,150,4,,154,1250870,119202,818583,12270,26679,3180,187872,59539,15,102477,1114398,33995,1002641,188487,25120,15653,18969,891787,593692,623305,33873,1226439,24431,,,
12/2025,English,1006144,Tech,143,142,1,,143,1150110,92458,867658,13602,23533,2741,67050,40971,5,77406,1039658,33046,997167,90343,19791,12356,30453,918390,528349,597134,24627,1132073,18037,,,
12/2025,English,1006582,VnE-GO,85,85,,,85,119484,42574,2477,610,10474,39942,7381,15973,6,65746,52940,798,78672,29170,10393,1081,168,45327,22578,76514,20392,118561,923,,,
12/2025,English,6666666,Other,79,79,,,79,3348,144,76,9,0,2,27,3090,0,2542,791,15,124,138,3037,3,46,2344,204,2027,1117,150,3198,,,
12/2025,Ngoi sao,1002835,Ngôi sao,,,,,,12580160,6276822,1370066,2312,196131,44564,1028565,3631633,6895,10390086,2175986,14088,5744858,6695015,74310,56279,9698,6341090,1110962,4928371,6540827,40,12580120,1475720,2115809,
12/2025,Ngoi sao,1002836,Showbiz,478,475,3,,478,7983886,375298,1106266,125037,3201596,318460,1913285,928755,6782,6312509,1662186,9191,4522395,3218487,158090,59565,25349,4141460,964495,3664739,3354652,7476900,506986,,,
12/2025,Ngoi sao,1002837,Thể thao,56,56,,2,54,542649,66617,73563,4720,213781,17965,111020,54248,395,426117,115895,637,274135,249857,10083,3069,5505,394325,110285,228755,203609,509594,33055,,,
12/2025,Ngoi sao,1002838,Thời cuộc,312,312,,8,304,3384978,186108,213066,68306,1530175,142067,823536,414092,4388,2644275,736710,3993,1861193,1414354,75465,23820,10146,1934216,416439,1334730,1633809,3157476,227502,,,
12/2025,Ngoi sao,1002905,Thương trường,20,8,12,,20,202324,29316,30398,1769,46518,8965,60348,24759,178,151295,50743,286,90238,104670,2531,1369,3516,139760,55334,77974,69016,185630,16694,,,
12/2025,Ngoi sao,1002906,Thời trang,75,71,4,,75,1242624,69311,115925,22676,464526,42750,387235,137823,1322,1005226,235932,1466,665495,542883,21614,8378,4254,819750,174011,563254,505359,1174388,68236,,,
12/2025,Ngoi sao,1002907,Làm đẹp,72,70,2,,72,588800,59407,55287,4920,187161,32395,178872,69569,665,433260,154588,952,255075,314572,9002,4608,5543,399296,137447,229367,221986,533823,54977,,,
12/2025,Ngoi sao,1002910,Trắc nghiệm,152,152,,,152,6530853,215561,1486739,7909,574482,322349,3325429,585440,11940,5899847,626526,4480,4986177,1452059,52654,33395,6568,1782324,565582,3267148,2698123,6070344,460509,,,
12/2025,Ngoi sao,1002913,Ăn chơi,78,73,5,,78,765411,64774,111445,8413,268513,41292,181930,87432,584,605311,159204,896,333198,409250,10963,5469,6531,530035,133189,328444,303778,697297,68114,,,
12/2025,Ngoi sao,1002915,Buôn chuyện,,,,,,40576,19443,13699,316,0,14,6690,348,37,19261,21215,100,16899,22127,43,174,1333,34844,30013,8397,2166,40376,200,,,
12/2025,Ngoi sao,1003232,Video,3,3,,,3,82815,37811,17153,186,10404,2442,9427,4686,667,41914,40695,206,32614,48657,78,419,1047,69971,50513,19855,12447,64054,18761,,,
12/2025,Ngoi sao,1003720,Lối sống,181,175,6,,181,1089023,93128,103831,18895,469993,43032,220567,137473,555,837708,249661,1654,575895,472997,25259,7423,7449,770576,200143,406339,482541,1019318,69705,,,
12/2025,Ngoi sao,1005535,Xem,50,49,1,,50,375710,27519,45073,5603,163399,5126,83695,44634,442,302170,73100,440,204260,157025,8709,2841,2875,292803,71583,150706,153421,365145,10565,,,
12/2025,Ngoi sao,1005565,Podcasts,4,4,,,4,70347,10040,625,478,30032,3072,15459,10577,21,54234,16023,90,38078,29836,1279,773,381,49875,23096,22587,24664,53887,16460,,,
12/2025,Ngoi sao,8888888,Other,4,,4,,4,38731,14666,1396,198,5894,4609,7075,4711,147,24092,14557,82,8598,29361,31,231,510,31531,17398,10936,10397,19662,19069,,,
12/2025,Tia sáng,1006614,Tia sáng,178,178,,,178,10121,1391,15,140,0,0,0,174,0,10121,,,1479,8642,,,,3619,881,2576,6664,,,,,
12/2025,Tia sáng,1006615,Tin tức,,,,,,122,10,0,11,0,0,0,0,0,122,,,20,102,,,,65,10,30,82,,,,,
12/2025,Tia sáng,1006617,Diễn đàn,,,,,,2724,232,0,173,0,0,0,1,0,2724,,,1130,1594,,,,808,265,1256,1203,,,,,
12/2025,Tia sáng,1006618,Tin nổi bật,,,,,,3,0,0,0,0,0,0,0,0,3,,,,3,,,,2,,,3,,,,,
12/2025,Tia sáng,1006619,Tiêu điểm,,,,,,3,0,0,0,0,0,0,0,0,3,,,1,2,,,,3,,1,2,,,,,
12/2025,Tia sáng,1006620,Tiêu điểm phải,,,,,,1,0,0,0,0,0,0,0,0,1,,,,1,,,,1,,1,,,,,,
12/2025,Tia sáng,1006621,Tiêu điểm trái,,,,,,2,0,0,0,0,0,0,0,0,2,,,,2,,,,2,,2,,,,,,
12/2025,Tia sáng,1006622,Chuyên đề,,,,,,1090,58,0,4,0,0,0,0,0,1090,,,179,911,,,,281,76,398,616,,,,,
12/2025,Tia sáng,1006683,Khoa học - Công nghệ,,,,,,1693,123,0,49,0,0,6,0,0,1693,,,252,1441,,,,520,143,443,1107,,,,,
12/2025,Tia sáng,1006687,Văn hóa - Xã hội,,,,,,842,36,0,35,0,0,0,0,0,842,,,93,749,,,,223,39,273,530,,,,,
12/2025,Tia sáng,1006710,Nền tảng - Kiến tạo,,,,,,411,38,0,6,0,0,0,3,0,411,,,76,335,,,,146,37,65,309,,,,,
12/2025,Tia sáng,1006711,Hồ sơ - Nhân vật,,,,,,443,122,0,4,0,0,0,0,0,443,,,11,432,,,,220,7,17,419,,,,,
12/2025,Tia sáng,1006722,Folder Test,,,,,,257,175,0,21,0,0,0,0,0,257,,,35,222,,,,57,12,19,226,,,,,
12/2025,VnExpress,1000000,VnExpress,,,,,,146772125,66602734,16881905,72200,29941324,2294740,7168060,23025974,431638,130718295,15965226,88604,64327009,58398306,23328732,589058,129020,93341831,12621658,65693538,68456929,,146772125,24733740,30195823,
12/2025,VnExpress,1001002,Thế giới,806,806,,318,488,32912432,2335526,5504723,966570,11156779,6424617,4544753,1676964,273453,26617354,6257611,37467,18897435,10984851,2732597,233039,64510,20191769,3693214,15424040,13795178,24292402,8620030,,,
12/2025,VnExpress,1001005,Thời sự,616,573,43,352,264,28448475,2433916,4773463,2727280,11654210,2458379,2519403,1637348,188895,26524206,1904554,19715,16434069,9485266,2326219,157890,45031,21354090,4004317,15358788,9085370,24946025,3502450,,,
12/2025,VnExpress,1001006,Xe,362,305,57,29,333,8414903,589989,2781609,141264,1474838,1188806,1109367,1049912,64778,7663801,743050,8052,4432573,3573981,343754,39413,25182,5361539,1611329,4775596,2027978,4961832,3453071,,,
12/2025,VnExpress,1001007,Pháp luật,428,428,,170,258,23518686,1650782,5194603,3236079,6797550,2435284,2887129,1094914,179506,21542273,1959261,17152,15393900,6240230,1713517,131407,39632,16925885,3533809,13033189,6951688,20844774,2673912,,,
12/2025,VnExpress,1001011,Thư giãn,183,183,,,183,6746144,400230,3700499,5643,515426,124203,1830265,133351,35710,6344018,398473,3653,5594238,1007046,73849,57604,13407,3829847,939613,4879342,927189,6553849,192295,,,
12/2025,VnExpress,1001012,Ý kiến,182,182,,,182,4573058,260110,1988911,225370,1028552,339465,507532,158018,47582,4177913,391603,3542,3074487,1186675,272782,27767,11347,3537955,533406,2756436,1283216,4205599,367459,,,
12/2025,VnExpress,1001014,Tâm sự,404,404,,,404,8396082,536835,1821435,14626,1942296,1965872,1575946,460833,76018,7448095,942476,5511,4754653,3017783,555167,47036,21443,4186025,949899,3670838,3775345,6251648,2144434,,,
12/2025,VnExpress,1002565,Thể thao,739,667,72,271,468,34049327,2923177,6075772,575269,12405590,5451931,3853841,2603571,136673,30315289,3708797,25241,20517744,10402103,2887628,183108,58744,20979836,4300699,17066145,12682483,24869808,9179519,,,
12/2025,VnExpress,1002691,Giải trí,452,430,22,105,347,12935246,1057017,2964689,325657,4083255,1311806,2232768,815011,130138,10370524,2544836,19886,6886620,4950828,939771,111133,46894,8560105,2196275,6504454,4234517,11446860,1488386,,,
12/2025,VnExpress,1002966,Đời sống,316,208,108,40,276,7933211,567057,2075638,329111,2575318,694977,1159410,444266,63136,6431262,1481507,20442,4263221,3029006,552878,59752,28354,5928437,1332835,3988444,2611932,7116341,816870,,,
12/2025,VnExpress,1003159,Kinh doanh,867,377,490,161,706,13645374,1495137,2226966,834881,5268682,1704860,1170243,785393,93824,12231850,1398370,15154,6886326,5583742,1059154,73952,42200,10457608,2169461,6851016,4624897,11204563,2440811,,,
12/2025,VnExpress,1003231,Du lịch,293,227,66,30,263,4610628,399912,1501642,197043,1169227,416322,518423,345983,46455,3713314,886752,10562,2433757,1724541,400327,34992,17011,3532660,894729,2416851,1299048,4145646,464982,,,
12/2025,VnExpress,1003450,Góc nhìn,38,38,,,38,1838615,116724,116499,49717,781543,316345,186835,258935,8281,1687130,149097,2388,697754,761565,363901,12027,3368,1467546,239176,885013,714426,1376262,462353,,,
12/2025,VnExpress,1003497,Giáo dục,277,208,69,68,209,6460333,624074,2064688,665502,1639362,389423,624104,401717,40027,5766156,685116,9061,3928399,1985020,473033,46032,27849,5104149,1377408,3576777,1506148,5877810,582523,,,
12/2025,VnExpress,1003750,Sức khỏe,1070,410,660,73,997,8831660,770340,1955981,698426,2764513,700427,1216212,567043,110510,7601555,1216367,13738,4871954,3002947,846926,68576,41257,6523452,1596770,4559854,2675036,7974651,857009,,,
12/2025,VnExpress,1004492,Mới nhất,,,,,,4003473,212942,248069,197,1209220,245456,532265,744040,811038,3544620,456802,2051,724788,1935001,1321401,18126,4157,2860130,298181,1421634,2283658,,4003473,,,
12/2025,VnExpress,1005628,Bất động sản,301,147,154,37,264,4342116,317716,721936,323435,1680731,621434,399523,230686,34617,3993223,343781,5112,1999117,1987872,312615,28337,14175,3393565,659807,2225342,1456967,3497822,844294,,,
12/2025,VnExpress,1005712,Thời tiết,,,,,,309833,31307,219530,103,9887,568,1461,46646,92,299342,10222,269,228419,63345,15320,1908,841,277607,100689,187999,21145,,309833,,,
12/2025,VnExpress,1005858,Spotlight,6,6,,4,2,640947,144631,17856,46508,322936,8291,18691,33954,956,609947,30727,273,341685,251148,44200,3587,327,567008,90741,371309,178897,632463,8484,,,
12/2025,VnExpress,1005953,Đọc nhanh,,,,,,346982,0,0,0,23747,191534,223,131477,1,308796,37940,246,,,346982,,,294836,,82615,264367,,346982,,,
12/2025,VnExpress,1006219,Khoa học công nghệ,387,310,77,71,316,8801276,969591,1397484,364064,3801541,762550,797086,606917,50305,7518311,1270913,12052,5075002,2814380,821049,46488,44357,6975520,1747779,4341930,2711567,7635952,1165324,,,
12/2025,VnExpress,1006255,VnE-GO,259,257,2,125,134,20232108,836357,2736382,1120073,4933042,7193874,421792,2909139,66932,18583079,1636835,12194,10657846,5498073,3975439,81025,19725,7224428,2021782,11121346,7088980,19142848,1089260,,,
12/2025,VnExpress,9999999,Other,,,,,,1508158,161262,145477,144018,135722,195871,21393,678351,3646,1382904,123483,1771,722567,352324,423005,3727,6535,826657,334784,783041,390333,28430,1479728,,,
1/2026,English,1003888,English,,,,,,1047020,389209,83891,2031,27284,6419,56585,479102,893,582283,452071,12666,193331,490745,313879,4363,44702,732196,265506,557249,224265,,1047020,413884,4456382,
1/2026,English,1003894,News,302,295,7,,302,2405487,317864,1633613,65662,71845,7616,143506,152908,66,407438,1939695,58354,1892051,388588,62402,28099,34347,1961707,994195,1331057,80235,2308413,97074,,,
1/2026,English,1003895,Business,241,230,11,,241,1972057,272777,1411192,23329,41357,8389,118561,84220,37,198541,1750469,23047,1588827,294356,34850,20485,33539,1605870,772499,1155246,44312,1907841,64216,,,
1/2026,English,1003898,Video,,,,,,4083,3288,203,89,0,0,435,64,0,163,3864,56,856,2403,17,10,797,3620,3901,175,7,4003,80,,,
1/2026,English,1003902,World,61,61,,,61,59848,34040,2451,940,3789,1706,7597,8274,5,14609,44425,814,16765,32115,2779,286,7903,47638,41478,14276,4094,46836,13012,,,
1/2026,English,1003988,Travel & Life,,,,,,7207,5864,893,120,0,0,255,45,0,585,6513,109,1575,5014,12,8,598,6831,6614,574,19,7183,24,,,
1/2026,English,1004040,Perspectives,17,17,,,17,65725,19314,19712,2612,5888,946,5562,11527,2,26556,38214,955,31841,26305,4370,582,2627,53519,29088,31259,5378,54195,11530,,,
1/2026,English,1004314,Sports,120,118,2,,120,545666,107773,324369,5476,12577,1397,34941,39974,112,99122,439101,7443,391990,103089,22380,3376,24831,425952,213503,315007,17156,530406,15260,,,
1/2026,English,1004323,Travel,157,150,7,,157,1590577,155045,1232728,21480,24518,3580,101871,49072,32,156362,1413181,21034,1366433,164253,20816,23291,15784,1309798,570266,995150,25161,1565391,25186,,,
1/2026,English,1004329,Life,128,124,4,,128,679509,142127,319193,9482,25857,3022,113162,56147,28,84184,568623,26702,409490,217250,22851,6157,23761,450439,370130,283835,25544,653872,25637,,,
1/2026,English,1006144,Tech,112,111,1,,112,595234,61696,412560,5781,16615,2349,46989,30947,8,56839,525047,13348,472744,82281,14815,5491,19903,476423,256722,322380,16132,577286,17948,,,
1/2026,English,1006582,VnE-GO,52,52,,,52,111242,37204,2907,476,10677,31924,4655,23383,3,65717,45043,482,66988,22510,20201,1030,513,41013,18195,77894,15153,106610,4632,,,
1/2026,English,6666666,Other,102,102,,,102,5160,487,79,157,1,0,502,3934,0,3751,1392,17,401,928,3754,,77,3026,491,2835,1834,1035,4125,,,
1/2026,Ngoi sao,1002835,Ngôi sao,,,,,,11510886,5025341,1027372,2785,176155,33023,746288,4480285,3318,9528084,1973379,9423,5374653,6007748,63727,52445,12313,5865979,972085,5037955,5500846,32,11510854,1394731,2138363,
1/2026,Ngoi sao,1002836,Showbiz,415,413,2,,415,7293779,295657,952549,116987,2792416,274189,1994053,855784,5980,5712416,1574279,7084,4113622,2943491,150724,59105,26837,3752944,886151,3560360,2847268,6823464,470315,,,
1/2026,Ngoi sao,1002837,Thể thao,94,94,,1,93,1117797,55773,106459,15237,521081,20118,271889,125854,672,903917,212776,1104,626361,455868,24009,6311,5248,745026,151209,514250,452338,1080904,36893,,,
1/2026,Ngoi sao,1002838,Thời cuộc,314,314,,7,307,2965421,126907,224748,93857,1233651,113955,793358,372265,3497,2317018,645743,2660,1706220,1153438,72827,21683,11253,1700697,369397,1296562,1299462,2761574,203847,,,
1/2026,Ngoi sao,1002905,Thương trường,16,5,11,,16,106503,20276,7238,1997,19587,7230,40141,9870,107,78435,27927,141,46325,52324,1435,3169,3250,78945,35439,39337,31727,90185,16318,,,
1/2026,Ngoi sao,1002906,Thời trang,79,75,4,,79,1074317,52595,127401,18365,339927,36750,372270,123307,1275,879351,193974,992,606886,435573,19336,7672,4850,678966,150489,525444,398384,1009575,64742,,,
1/2026,Ngoi sao,1002907,Làm đẹp,72,69,3,,72,511941,44206,62494,7311,162927,26756,145603,61540,629,397612,113832,497,252833,239070,9208,4133,6697,349977,104451,224832,182658,460578,51363,,,
1/2026,Ngoi sao,1002910,Trắc nghiệm,146,146,,,146,6980950,188569,1605953,10712,555426,300199,3698431,606601,13951,6360206,617358,3386,5426495,1454684,57041,34574,8156,1814270,566539,3651585,2762826,6547791,433159,,,
1/2026,Ngoi sao,1002913,Ăn chơi,57,54,3,,57,595609,47048,78315,5626,184921,32564,170134,76035,387,471477,123414,718,248254,326758,8822,4677,7098,402816,104769,274887,215953,531980,63629,,,
1/2026,Ngoi sao,1002915,Buôn chuyện,,,,,,37909,10717,13211,166,0,2,13427,318,45,17483,20377,49,16381,19450,12,162,1904,24620,29547,7087,1275,37775,134,,,
1/2026,Ngoi sao,1003232,Video,1,1,,,1,67611,21396,18591,212,6884,2360,12244,5175,733,43776,23715,120,34513,31084,73,552,1389,54115,35125,21984,10502,50565,17046,,,
1/2026,Ngoi sao,1003720,Lối sống,165,158,7,1,164,1116262,75819,103608,23480,464783,38539,279440,128622,472,884617,230634,1011,596690,477087,25348,7739,9398,778179,198682,455200,462380,1049043,67219,,,
1/2026,Ngoi sao,1005535,Xem,35,35,,,35,254654,25119,60337,5369,64305,4096,73033,21846,363,205306,48901,447,149340,93193,4652,2709,4760,196787,69971,112336,72347,243384,11270,,,
1/2026,Ngoi sao,1005565,Podcasts,2,2,,,2,51766,11218,574,170,18433,2375,9919,9027,37,42916,8814,36,27553,22007,795,628,783,33845,22697,14726,14343,33979,17787,,,
1/2026,Ngoi sao,8888888,Other,2,,2,,2,32628,7211,1567,123,5288,3774,8289,6240,118,24363,8231,34,9797,21514,69,246,1002,24864,10933,12128,9567,14552,18076,,,
1/2026,Tia sáng,1006614,Tia sáng,74,74,,1,73,47515,8798,2969,736,1863,0,1,31,0,42235,5213,67,14007,32138,21,89,1260,26570,14542,18339,14634,,,,,
1/2026,Tia sáng,1006615,Tin tức,,,,,,2127,1378,299,89,0,0,0,3,0,881,1245,1,411,1253,,4,459,1878,1697,279,151,,,,,
1/2026,Tia sáng,1006617,Diễn đàn,,,,,,43529,5896,8901,4554,12306,55,314,36,0,37331,6122,76,30531,12627,,168,203,36382,29269,9951,4309,,,,,
1/2026,Tia sáng,1006618,Tin nổi bật,,,,,,711,328,65,78,0,0,0,0,0,308,399,4,176,478,,9,48,638,505,177,29,,,,,
1/2026,Tia sáng,1006619,Tiêu điểm,,,,,,5,2,0,0,0,0,0,0,0,5,,,,5,,,,1,,5,,,,,,
1/2026,Tia sáng,1006622,Chuyên đề,,,,,,4327,383,75,42,9,0,0,3,0,3692,632,3,1518,2715,,11,83,2505,1283,1774,1270,,,,,
1/2026,Tia sáng,1006683,Khoa học - Công nghệ,,,,,,38248,8099,4913,1551,14460,0,3,37,0,29381,8813,54,23070,14584,7,106,481,32051,26343,8625,3280,,,,,
1/2026,Tia sáng,1006687,Văn hóa - Xã hội,,,,,,43387,11734,9877,2363,9974,2,3,140,0,31899,11432,56,22739,19538,226,253,631,36304,31943,8873,2571,,,,,
1/2026,Tia sáng,1006694,Video,,,,,,20,4,0,0,0,0,0,0,0,20,,,,20,,,,10,4,,16,,,,,
1/2026,Tia sáng,1006710,Nền tảng - Kiến tạo,,,,,,33733,3658,10993,1044,12853,1,15,311,1,31040,2662,31,27248,5568,607,191,119,30106,24710,6204,2819,,,,,
1/2026,Tia sáng,1006711,Hồ sơ - Nhân vật,,,,,,5908,393,539,867,741,437,0,4,0,5218,682,8,3035,2735,,36,102,4243,3175,1761,972,,,,,
1/2026,Tia sáng,1006721,Highlight,,,,,,108,44,0,18,0,0,0,0,0,108,,,12,96,,,,26,18,4,86,,,,,
1/2026,Tia sáng,1006722,Folder Test,,,,,,283,74,0,46,0,0,0,0,0,283,,,20,263,,,,73,24,13,246,,,,,
1/2026,Tia sáng,1006744,Multimedia,,,,,,67,56,1,9,0,0,0,1,0,67,,,,67,,,,21,,3,64,,,,,
1/2026,VnExpress,1000000,VnExpress,,,,,,157314660,62314150,15061278,51420,43614343,2899631,6891539,25788823,417928,139959094,17268759,86807,72167565,58178687,26015495,628400,324513,97488930,13214013,74978227,69122420,,157314660,26385906,30773751,
1/2026,VnExpress,1001002,Thế giới,791,791,,410,381,42854307,2582456,5652000,2304773,15574055,8394477,6473633,1543321,294323,35055401,7762186,36720,25691029,13009793,3766179,307989,79317,25465724,4821651,20966643,17066013,33370816,9483491,,,
1/2026,VnExpress,1001005,Thời sự,536,531,5,406,130,33299838,2505654,4898748,3188184,14530795,3241859,3271652,1437424,175365,31183889,2101754,14195,19680124,10641065,2727573,182764,68312,23771409,4569978,18990464,9739396,29367129,3932709,,,
1/2026,VnExpress,1001006,Xe,290,257,33,26,264,9233052,650553,3138860,560097,1458479,1224955,913306,1212355,60115,8495637,731398,6017,5493656,3262075,371101,43671,62549,6353900,1937885,5386844,1908323,5930152,3302900,,,
1/2026,VnExpress,1001007,Pháp luật,431,431,,173,258,21116553,1352893,4050213,3106273,6212689,2658260,2764502,777012,170861,19345823,1758885,11845,13550930,5789422,1607455,119818,48928,14848579,3120695,11736433,6259425,18552307,2564246,,,
1/2026,VnExpress,1001011,Thư giãn,180,180,,,180,7966356,422526,4226721,8394,555414,148088,2349199,206375,48520,7533713,428796,3847,6736656,1056789,79344,65709,27858,4443380,1261692,5777658,927006,7790492,175864,,,
1/2026,VnExpress,1001012,Ý kiến,188,188,,1,187,4663276,257150,2226336,153915,982745,372398,502362,100604,48507,4283080,377815,2381,3264704,1082677,259797,28884,27214,3652915,492061,2985631,1185584,4331269,332007,,,
1/2026,VnExpress,1001014,Tâm sự,440,440,,,440,8000066,428668,1862584,14420,1769501,2095701,1428243,330819,68981,7135500,860527,4039,4720721,2723019,485049,47965,23312,4073238,825863,3758139,3416064,5989697,2010369,,,
1/2026,VnExpress,1002565,Thể thao,659,602,57,231,428,38738250,2845120,6659304,771234,15061593,5828445,4931151,2202972,405071,34406570,4307828,23852,25001016,9869207,3516957,209930,141140,23455787,4982106,20604291,13151853,30466969,8271281,,,
1/2026,VnExpress,1002691,Giải trí,431,404,27,101,330,11367706,940446,2338359,347760,3862655,1416102,1802470,521552,126531,8984448,2369257,14001,5785176,4527325,871185,98655,85365,7713049,2041321,5637285,3689100,9947899,1419807,,,
1/2026,VnExpress,1002966,Đời sống,270,229,41,41,229,8619654,606328,2224663,475847,2776280,781518,1299299,355983,78037,7157010,1452325,10319,4822705,3065872,620394,66785,43898,6460946,1428340,4581664,2609650,7842670,776984,,,
1/2026,VnExpress,1003159,Kinh doanh,651,372,279,168,483,13882057,1680699,2199896,916829,5064827,1909950,1215277,679412,91611,12423161,1449462,9434,7272465,5354268,1105856,76970,72498,10692075,2334600,7202016,4345441,11424584,2457473,,,
1/2026,VnExpress,1003231,Du lịch,260,224,36,41,219,5464613,458207,1728850,402701,1430821,461252,644181,272252,51064,4456923,1000634,7056,3143719,1788038,450835,45526,36495,4228929,990871,3037496,1436246,5010558,454055,,,
1/2026,VnExpress,1003450,Góc nhìn,34,34,,,34,1678368,88714,54828,46941,787596,371443,169260,143982,7094,1510811,166424,1133,613606,678068,361551,12062,13081,1323915,228508,793766,656094,1224886,453482,,,
1/2026,VnExpress,1003497,Giáo dục,238,192,46,68,170,7759164,654624,2285508,737800,1886182,432998,1347115,362688,40288,6922083,831415,5666,4751560,2392262,521087,53754,40501,5544135,1566499,4434762,1757903,7192687,566477,,,
1/2026,VnExpress,1003750,Sức khỏe,1040,423,617,75,965,9620731,810786,1705750,1481299,3004038,781745,1237958,463892,111518,8369678,1242849,8204,5508466,3006416,922008,67819,116022,7199247,1876986,5110983,2632762,8805386,815345,,,
1/2026,VnExpress,1004492,Mới nhất,,,,,,4028319,190009,204012,176,1444258,248756,422735,462840,1055326,3537864,487936,2519,768865,1871865,1365414,18792,3383,2883081,292492,1505348,2230479,,4028319,,,
1/2026,VnExpress,1005628,Bất động sản,249,137,112,30,219,3515690,261237,585816,209984,1336013,639502,309700,134744,27640,3196646,316931,2113,1570021,1656229,241673,24913,22854,2739246,543683,1840207,1131800,2741511,774179,,,
1/2026,VnExpress,1005712,Thời tiết,,,,,,427505,33760,228041,272,11511,540,6582,146417,104,407226,19980,299,310531,96695,16938,2752,589,379053,145032,256518,25955,,427505,,,
1/2026,VnExpress,1005858,Spotlight,4,4,,4,,566184,89645,11147,98510,250261,44884,12332,22636,805,526197,39673,314,297238,205373,60147,2997,429,499854,99344,308385,158455,505891,60293,,,
1/2026,VnExpress,1005953,Đọc nhanh,,,,,,372906,0,0,0,37200,291843,142,43721,0,331162,41531,213,,,372906,,,316759,,91196,281710,,372906,,,
1/2026,VnExpress,1006219,Khoa học công nghệ,315,272,43,58,257,7173620,717722,1034045,233851,3274055,829118,688904,311196,43482,5998456,1167820,7344,4013428,2339907,713589,38501,68195,5671327,1436274,3500479,2236867,6213072,960548,,,
1/2026,VnExpress,1006255,VnE-GO,250,250,,120,130,20826810,826139,3554404,1105574,4711462,7626476,432640,2445570,69027,19280174,1535909,10727,12845254,5051162,2809476,85342,35576,6595383,2130117,12497695,6198998,19694025,1132785,,,
1/2026,VnExpress,9999999,Other,,,,,,982154,74834,166192,40480,88544,325941,24990,235343,3664,866500,114362,1292,325628,222175,425810,3202,5339,768350,200074,408519,373561,25841,951856,,,
2/2026,English,1003888,English,,,,,,864158,384031,61989,1245,16461,3888,35742,359524,354,410141,448742,5275,152222,429127,238413,3536,40860,632666,242857,443442,177859,,864158,358885,5125855,
2/2026,English,1003894,News,203,197,6,1,202,2435676,250767,1854016,35475,46261,4874,132492,107167,53,272430,2108765,54481,2086594,253595,42738,29033,23716,2015783,939684,1439900,56092,2370030,65646,,,
2/2026,English,1003895,Business,199,187,12,,199,2197910,204900,1741494,17502,27697,5762,129693,67039,33,132972,2044709,20229,1919222,207017,27799,21411,22461,1793507,710939,1453144,33827,2148872,49038,,,
2/2026,English,1003898,Video,,,,,,5645,5313,185,52,0,0,51,33,0,109,5505,31,583,4661,4,18,379,5273,3174,2460,11,5584,61,,,
2/2026,English,1003902,World,55,55,,,55,38650,22447,1690,432,2456,1113,4555,5698,2,9094,29059,497,12443,19459,1872,193,4683,31817,23284,12102,3264,29411,9239,,,
2/2026,English,1003988,Travel & Life,,,,,,4662,3399,812,93,3,0,229,94,0,498,4048,116,1363,2789,14,17,479,4394,3864,774,24,4646,16,,,
2/2026,English,1004040,Perspectives,15,15,,,15,74593,14354,36280,4469,4515,542,4511,9769,4,29995,43399,1199,50140,17498,3775,827,2353,61262,24847,44753,4993,66186,8407,,,
2/2026,English,1004314,Sports,81,79,2,,81,384856,55583,275048,1642,7592,837,25616,17402,10,24059,347091,13706,305297,55108,9479,4064,10908,317545,197671,177654,9531,375114,9742,,,
2/2026,English,1004323,Travel,149,143,6,,149,1361768,116365,1067831,25219,20052,2660,83050,44070,19,121037,1221065,19666,1182294,123338,19643,22320,14173,1128058,467993,869004,24771,1341864,19904,,,
2/2026,English,1004329,Life,111,110,1,,111,855856,117855,576838,3109,16689,2010,97609,40476,15,58795,776811,20250,673231,144892,17350,7327,13056,645594,333219,502215,20422,836387,19469,,,
2/2026,English,1006144,Tech,91,91,,,91,605697,56906,456294,5757,14381,1615,42218,27494,2,46189,543599,15909,510453,67339,14180,6449,7276,500586,251125,340401,14171,591031,14666,,,
2/2026,English,1006582,VnE-GO,14,14,,,14,42633,10527,488,182,3123,15675,2167,10458,3,21987,20381,265,22779,9663,9209,420,562,15933,8774,28278,5581,39727,2906,,,
2/2026,English,6666666,Other,60,60,,,60,3259,210,33,6,0,0,30,2980,0,2415,833,11,39,170,2958,,92,2233,204,1936,1119,106,3153,,,
2/2026,Ngoi sao,1002835,Ngôi sao,,,,,,8482347,3673964,741076,1390,151968,16721,374821,3508259,2002,6898249,1578138,5960,4286920,4090340,52612,39767,12708,4536788,792383,3922268,3767696,67,8482280,1100375,2029026,
2/2026,Ngoi sao,1002836,Showbiz,349,348,1,,349,5385652,258429,968883,68108,1860106,201045,1397456,622701,5168,4145154,1235172,5326,3434449,1766263,113394,47246,24300,2924882,710952,2731580,1943120,5027333,358319,,,
2/2026,Ngoi sao,1002837,Thể thao,45,45,,,45,496493,40902,61063,4149,188637,12588,133515,55154,351,383299,112754,440,290231,185990,10531,3338,6403,354113,92001,220290,184202,471148,25345,,,
2/2026,Ngoi sao,1002838,Thời cuộc,279,279,,5,274,2543216,124057,145860,58020,1068361,87745,728930,325337,3433,1934226,606484,2506,1508932,938028,63651,23301,9304,1421168,335570,1124285,1083361,2381715,161501,,,
2/2026,Ngoi sao,1002905,Thương trường,18,12,6,1,17,193966,20156,20302,8906,63430,6078,55974,18917,99,150210,43571,185,97624,87982,3282,3148,1930,153260,42536,88502,62928,180810,13156,,,
2/2026,Ngoi sao,1002906,Thời trang,53,52,1,,53,871928,44840,97694,14882,266057,26565,307881,112205,1186,699448,171578,902,506717,338451,15340,6979,4441,522641,131773,450297,289858,822960,48968,,,
2/2026,Ngoi sao,1002907,Làm đẹp,72,69,3,,72,546886,44726,84117,6671,168772,19751,163813,57983,534,422137,124258,491,308014,218325,10926,4087,5534,374304,107245,262716,176925,507799,39087,,,
2/2026,Ngoi sao,1002910,Trắc nghiệm,117,117,,,117,5148464,156954,1251396,6545,409100,236315,2629902,450219,7612,4671341,474766,2357,4053189,1019041,42776,25440,8018,1437368,436265,2552940,2159259,4797928,350536,,,
2/2026,Ngoi sao,1002913,Ăn chơi,61,60,1,,61,597338,46661,113990,6068,185717,23160,155976,64746,370,478308,118573,457,305913,272039,9755,4584,5047,434619,104493,308734,184111,550742,46596,,,
2/2026,Ngoi sao,1002915,Buôn chuyện,,,,,,21343,8780,6551,215,0,5,5486,263,29,8723,12597,23,9260,10948,13,88,1034,16281,15951,4888,504,21276,67,,,
2/2026,Ngoi sao,1003232,Video,10,10,,,10,76043,15032,14796,2637,21006,1976,13815,6227,533,56209,19707,127,47674,26949,162,501,757,59051,28914,29731,17398,64854,11189,,,
2/2026,Ngoi sao,1003720,Lối sống,163,159,4,,163,1148291,77545,167115,18385,456837,28987,276519,121239,352,909393,237900,998,684732,421043,26668,8269,7579,800941,200892,524051,423348,1096199,52092,,,
2/2026,Ngoi sao,1005535,Xem,25,25,,,25,197650,19683,30426,1704,70210,2859,51714,20485,444,153029,44280,341,110461,77876,4302,1860,3151,157047,47437,87904,62309,189336,8314,,,
2/2026,Ngoi sao,1005565,Podcasts,2,2,,,2,36025,9046,522,766,8687,1469,8538,6972,22,30318,5683,24,18231,16272,349,384,789,21781,18490,10111,7424,21820,14205,,,
2/2026,Ngoi sao,8888888,Other,2,,2,,2,27317,7797,980,141,4508,2601,5668,5540,67,18422,8870,25,7981,18151,19,183,983,21480,10287,10662,6368,12834,14483,,,
2/2026,Tia sáng,1006614,Tia sáng,83,83,,1,82,62318,11453,5147,581,2789,0,1,33,0,52539,9701,78,30302,29695,18,183,2120,42002,22942,30263,9113,,,,,
2/2026,Tia sáng,1006615,Tin tức,,,,,,1656,649,744,42,0,0,0,2,0,1300,348,8,554,1046,,2,54,1292,1112,260,284,,,,,
2/2026,Tia sáng,1006617,Diễn đàn,,,,,,58908,5649,12545,7560,18966,17,10,97,1,51847,7000,61,45246,13029,1,264,368,50583,30660,22322,5926,,,,,
2/2026,Tia sáng,1006618,Tin nổi bật,,,,,,373,57,74,90,0,0,0,1,0,235,138,,178,193,,1,1,327,222,134,17,,,,,
2/2026,Tia sáng,1006622,Chuyên đề,,,,,,5204,183,34,55,0,0,0,0,0,3042,2159,3,1793,2595,,16,800,3070,2703,1898,603,,,,,
2/2026,Tia sáng,1006683,Khoa học - Công nghệ,,,,,,110807,9889,40535,5969,34780,0,38,148,1,99807,10902,98,91089,18534,,582,602,97108,64731,36156,9920,,,,,
2/2026,Tia sáng,1006687,Văn hóa - Xã hội,,,,,,269947,26974,96170,31902,80466,45,135,492,23,250612,19116,219,220546,46850,295,1544,712,241124,193294,60360,16293,,,,,
2/2026,Tia sáng,1006710,Nền tảng - Kiến tạo,,,,,,14721,1555,1366,4472,3443,71,205,25,0,13080,1628,13,10952,3549,,82,138,13020,9422,4125,1174,,,,,
2/2026,Tia sáng,1006711,Hồ sơ - Nhân vật,,,,,,28992,1918,13167,1324,7731,111,162,48,0,26191,2772,29,24922,3598,1,160,311,26348,18718,8052,2222,,,,,
2/2026,Tia sáng,1006722,Folder Test,,,,,,64,47,0,11,0,0,0,0,0,64,,,12,52,,,,30,7,5,52,,,,,
2/2026,Tia sáng,1006744,Multimedia,,,,,,155,46,58,42,0,0,0,0,0,152,3,,31,124,,,,85,57,13,85,,,,,
2/2026,VnExpress,1000000,VnExpress,,,,,,111506802,43789452,9785907,36346,32568935,2000489,3826423,19099810,213166,98730509,12708202,68091,51729403,40133889,18909825,462507,271178,70484693,9963622,51705724,49837456,,111506802,19007492,24515562,
2/2026,VnExpress,1001002,Thế giới,639,639,,317,322,28573951,1929772,3974035,1400671,10376119,5724986,3799369,1149406,197987,23514742,5036150,23059,17524371,8226852,2559352,202299,61077,17750179,3372584,14060370,11140997,21831675,6742276,,,
2/2026,VnExpress,1001005,Thời sự,474,472,2,370,104,21360270,1698899,3298087,2835379,8754392,1923549,1786177,921038,113381,19857628,1493262,9380,13360236,5975467,1841026,133793,49748,16167319,3070354,11906374,6383542,19081453,2278817,,,
2/2026,VnExpress,1001006,Xe,225,205,20,25,200,7481208,593238,2638618,307302,1226356,978483,715018,974360,42224,6771195,704084,5929,4767920,2357774,264887,36387,54240,5115311,1641553,4356672,1482983,4668592,2812616,,,
2/2026,VnExpress,1001007,Pháp luật,320,320,,136,184,17915183,1330161,3405750,3011477,5131062,1988586,2163346,742225,121099,16418030,1488124,9029,12250714,4157191,1366143,103861,37274,12949364,2690830,10207017,5017336,16059767,1855416,,,
2/2026,VnExpress,1001011,Thư giãn,152,152,,,152,7139622,440175,3901613,46582,412061,90780,1992989,219307,34669,6762922,373640,3060,6244256,764242,51922,56156,23046,3991751,1122377,5205434,811811,7012623,126999,,,
2/2026,VnExpress,1001012,Ý kiến,161,160,1,1,160,3791006,242487,1683144,151701,845941,287185,428784,93400,40042,3442027,347203,1776,2648473,864612,232405,24569,20947,2950728,436377,2354630,999999,3544732,246274,,,
2/2026,VnExpress,1001014,Tâm sự,313,313,,,313,6054711,369868,1232569,16512,1369963,1599003,1146602,260612,58355,5321140,729962,3609,3616200,1976395,408862,37484,15770,3053155,693489,2797658,2563564,4562604,1492107,,,
2/2026,VnExpress,1002565,Thể thao,504,464,40,114,390,14070711,1395571,2465473,244259,3951046,3405133,1637202,888930,71014,11701645,2358088,10978,8406352,4462555,1004241,89000,108563,8686779,2122023,6349985,5598703,8853006,5217705,,,
2/2026,VnExpress,1002691,Giải trí,348,340,8,106,242,9030078,857439,1889681,219179,3176244,1113821,1270852,397474,94811,6989707,2027840,12531,4860653,3334028,698330,79129,57938,6331320,1742358,4426866,2860854,7917839,1112239,,,
2/2026,VnExpress,1002966,Đời sống,234,190,44,43,191,7473856,713870,2565398,420710,1980764,553365,892554,279064,47856,6312697,1152309,8850,4857921,2061423,472891,53321,28300,5856119,1622047,4015277,1836532,6900353,573503,,,
2/2026,VnExpress,1003159,Kinh doanh,543,341,202,196,347,13610195,1557657,2021736,1304263,5415761,1473585,1129491,610079,73222,12179956,1421466,8773,7795394,4535454,1125105,83774,70468,10566962,2196813,7283540,4129842,11771792,1838403,,,
2/2026,VnExpress,1003231,Du lịch,239,189,50,37,202,5171624,423187,1992300,331748,1245182,351945,522410,251221,41249,4327536,838580,5508,3342029,1356776,404466,40889,27464,4109282,926427,3051206,1193991,4830735,340889,,,
2/2026,VnExpress,1003450,Góc nhìn,30,30,,,30,1524947,125937,88028,89188,653810,297408,146669,108406,5616,1378577,145059,1311,695068,528411,280699,10210,10559,1218787,231005,754585,539357,1158984,365963,,,
2/2026,VnExpress,1003497,Giáo dục,161,146,15,44,117,5044683,493651,1861376,358737,1271411,319710,493074,210803,27292,4386440,653486,4757,3210758,1454284,314482,36558,28601,3978813,1132760,2853387,1058536,4633044,411639,,,
2/2026,VnExpress,1003750,Sức khỏe,817,328,489,62,755,7363271,655370,1407673,1099869,2343906,548943,823169,383046,73632,6233530,1122976,6765,4474739,2075893,669225,54334,89080,5670433,1460868,3938161,1964242,6776297,586974,,,
2/2026,VnExpress,1004492,Mới nhất,,,,,,2818244,137847,126410,203,1038757,149570,257868,343134,764245,2464417,352387,1440,567157,1191002,1042636,14630,2819,2018744,211119,1051871,1555254,,2818244,,,
2/2026,VnExpress,1005628,Bất động sản,150,103,47,20,130,2299776,187372,429270,159064,760263,435940,209310,93438,18841,2064906,233194,1676,1085185,1023353,159629,16085,15524,1802707,411506,1225714,662556,1783012,516764,,,
2/2026,VnExpress,1005712,Thời tiết,,,,,,287224,23196,158882,209,9125,287,1469,93779,52,277206,9860,158,222671,47024,15091,1614,824,257203,98584,170508,18132,,287224,,,
2/2026,VnExpress,1005858,Spotlight,2,2,,2,,317229,33214,22527,20615,77687,86400,16153,16440,852,287347,29645,237,112817,122361,80006,1715,330,272851,46725,157646,112858,208943,108286,,,
2/2026,VnExpress,1005953,Đọc nhanh,,,,,,285056,0,0,0,27163,223763,111,34018,1,254142,30774,140,,,285056,,,242590,,67043,218013,,285056,,,
2/2026,VnExpress,1006219,Khoa học công nghệ,242,219,23,63,179,6719998,659985,1023454,300209,3100212,660211,631770,296431,35324,5613381,1099432,7185,3983539,1978323,666277,38523,53336,5319147,1330091,3293863,2096044,5965827,754171,,,
2/2026,VnExpress,1006255,VnE-GO,202,202,,97,105,12129801,657859,1538759,1312291,2535509,4255706,284469,1495706,42997,11300931,824009,4861,7503986,2876360,1674155,55017,20283,3954869,1474598,7123367,3531836,11404235,725566,,,
2/2026,VnExpress,9999999,Other,,,,,,761492,58384,103823,22009,68268,288748,20229,184339,2576,666083,93797,1612,233376,168252,353529,3233,3102,592943,135344,307299,318849,16653,744839,,,
3/2026,English,1003888,English,,,,,,1162717,530395,88127,1827,24277,5834,41947,467970,706,569930,586250,6537,179842,634838,302760,4378,40899,871583,279160,696285,187272,,1162717,399990,5685541,399990
3/2026,English,1003894,News,317,311,6,,317,2278851,279399,1571984,74776,54393,6710,134824,150655,65,390363,1845278,43210,1832415,336621,58096,25188,26531,1868545,750323,1467063,61465,2195545,83306,,,
3/2026,English,1003895,Business,286,249,37,,286,2923503,283261,2327480,19262,31594,7261,150524,100298,38,205150,2690876,27477,2557282,278204,39368,24786,23863,2463096,1037761,1847481,38261,2863244,60259,,,
3/2026,English,1003898,Video,,,,,,5897,5370,197,102,0,0,77,142,0,235,5636,26,704,4807,13,10,363,5511,2875,3010,12,5805,92,,,
3/2026,English,1003902,World,58,57,1,,58,69083,43792,2076,633,3485,1803,4734,12142,9,17982,50258,843,16570,43468,3855,335,4855,58234,27698,37860,3525,55124,13959,,,
3/2026,English,1003988,Travel & Life,,,,,,7358,6026,808,108,0,0,315,64,0,620,6664,74,1343,5549,5,9,452,7155,4160,3195,3,7342,16,,,
3/2026,English,1004040,Perspectives,11,11,,,11,97330,18542,57187,1695,3518,880,4698,10622,4,22209,71792,3329,66068,23750,3504,1296,2712,83495,47766,46080,3484,87440,9890,,,
3/2026,English,1004314,Sports,129,124,5,,129,450722,63812,313929,3435,8040,1034,34432,24847,9,34443,401265,15014,358709,63135,11655,5252,11971,369947,225554,214603,10565,439196,11526,,,
3/2026,English,1004323,Travel,189,177,12,,189,1377813,137029,1039214,27363,19298,3303,90404,58329,37,156900,1203361,17552,1177575,141567,23136,20119,15416,1140911,428879,923553,25381,1354117,23696,,,
3/2026,English,1004329,Life,146,139,7,,146,1026332,112377,609163,3851,14014,2540,210083,72647,30,68926,928963,28443,820731,161131,17358,12419,14693,663996,414810,591702,19820,1002930,23402,,,
3/2026,English,1006144,Tech,109,108,1,,109,789798,66124,626657,4412,12559,2224,46582,30054,14,47737,722594,19467,681364,77687,12778,9033,8936,664947,250351,527625,11822,772534,17264,,,
3/2026,English,1006582,VnE-GO,3,3,,,3,30693,5115,74,102,2634,10488,1422,10853,1,17461,13095,137,11722,7485,10775,186,525,11534,5443,22869,2381,26597,4096,,,
3/2026,English,6666666,Other,96,96,,,96,5073,383,108,21,0,0,113,4447,0,4034,1027,12,319,394,4275,,85,3275,285,3336,1452,526,4547,,,
3/2026,Ngoi sao,1002835,Ngôi sao,,,,,,11422045,5167913,1082947,2221,195848,25197,574630,4355039,2785,9513069,1898742,10234,5204475,6103949,53669,47476,12476,5963555,1003289,6419345,3999411,29,11422016,1423275,2191457,1422472
3/2026,Ngoi sao,1002836,Showbiz,466,465,1,,466,7549348,334331,1055566,190692,2813506,270182,2051223,822529,6304,5976556,1564087,8705,4229493,3095435,144050,54757,25613,4090566,978278,4315176,2255894,7092961,456387,,,
3/2026,Ngoi sao,1002837,Thể thao,56,56,,,56,784026,77605,128573,13037,286989,16526,187504,73093,462,608820,174284,922,442159,317557,13815,4580,5915,571828,124642,437886,221498,753967,30059,,,
3/2026,Ngoi sao,1002838,Thời cuộc,284,284,,5,279,3016261,151210,200630,84589,1245005,127668,830716,368210,4090,2300132,712211,3918,1671635,1238909,67928,22731,15058,1750365,386881,1523195,1106185,2800763,215498,,,
3/2026,Ngoi sao,1002905,Thương trường,13,8,5,,13,186767,27262,7145,2695,67335,8128,52806,21101,159,132997,53468,302,85874,92866,3138,1378,3511,150237,44797,93997,47973,171175,15592,,,
3/2026,Ngoi sao,1002906,Thời trang,65,59,6,,65,938115,60413,104786,22737,303552,36382,300038,108346,1306,743326,193281,1508,474118,437927,15022,6254,4794,621231,151640,531880,254595,874440,63675,,,
3/2026,Ngoi sao,1002907,Làm đẹp,80,77,3,,80,614220,56396,66391,13565,200684,29667,172850,71944,763,474088,139183,949,296232,295585,10681,4503,7219,426750,120542,333461,160217,560808,53412,,,
3/2026,Ngoi sao,1002910,Trắc nghiệm,144,144,,,144,6467872,208699,1483678,5467,500676,312919,3353320,598962,2376,5847747,615842,4283,4918019,1458714,54721,31759,4659,1746557,547700,3590493,2329679,6020202,447670,,,
3/2026,Ngoi sao,1002913,Ăn chơi,58,53,5,,58,713522,59239,108697,14758,205950,33957,199913,89378,438,553879,158721,922,313483,378776,10198,5346,5719,478309,124549,398184,190789,652351,61171,,,
3/2026,Ngoi sao,1002915,Buôn chuyện,,,,,,33377,17654,11120,483,0,5,3562,485,40,14688,18632,57,13642,18055,7,130,1543,30859,21444,11317,616,33283,94,,,
3/2026,Ngoi sao,1003232,Video,6,6,,,6,185044,34516,23545,1470,64250,4063,43636,12583,909,134258,50595,191,91078,92015,392,930,629,147035,57559,80665,46820,160733,24311,,,
3/2026,Ngoi sao,1003720,Lối sống,211,201,10,,211,1703091,106758,216075,70166,683402,43598,401369,178275,1071,1345256,355806,2029,934774,710450,36195,11275,10397,1189738,259187,913477,530427,1632675,70416,,,
3/2026,Ngoi sao,1005535,Xem,23,21,2,,23,191939,20776,30189,1693,58641,3776,58398,17893,363,151922,39700,317,102474,82256,3305,1368,2536,154583,49468,98273,44198,182821,9118,,,
3/2026,Ngoi sao,1005565,Podcasts,5,5,,,5,58148,5738,1655,936,27061,2449,9572,10656,23,44359,13682,107,34905,20742,1329,483,689,44481,18439,21601,18108,45827,12321,,,
3/2026,Ngoi sao,8888888,Other,9,,9,,9,53136,20402,1417,177,6195,4235,12777,7797,114,24755,28334,47,15085,37138,53,192,668,38988,21458,24519,7159,33281,19855,,,
3/2026,Tia sáng,1006614,Tia sáng,112,112,,,112,81940,18466,6808,1228,3767,0,0,2,0,68653,13184,103,36280,43783,,305,1572,55609,29146,42016,10778,,,,,
3/2026,Tia sáng,1006615,Tin tức,,,,,,9864,8108,1259,142,1,0,0,5,0,1659,8158,47,2381,6042,,8,1433,9477,8875,914,75,,,,,
3/2026,Tia sáng,1006617,Diễn đàn,,,,,,205391,18050,77034,19650,60747,19,26,163,0,183154,21986,251,175134,28319,,950,988,183473,111059,74385,19947,,,,,
3/2026,Tia sáng,1006618,Tin nổi bật,,,,,,682,367,95,79,0,0,0,0,0,273,409,,242,375,,,65,626,524,137,21,,,,,
3/2026,Tia sáng,1006622,Chuyên đề,,,,,,4596,308,35,15,0,0,0,0,0,3049,1542,5,1674,2350,,32,540,3096,1982,2296,318,,,,,
3/2026,Tia sáng,1006683,Khoa học - Công nghệ,,,,,,178649,27067,68176,6408,54907,0,7,165,0,151196,27192,261,143050,32321,4,642,2632,162014,107034,55889,15726,,,,,
3/2026,Tia sáng,1006687,Văn hóa - Xã hội,,,,,,191454,33904,55902,16275,55707,0,28,174,2,158966,32215,273,142155,44256,4,832,4207,168354,118398,58714,14342,,,,,
3/2026,Tia sáng,1006694,Video,,,,,,30,26,0,4,0,0,0,0,0,30,,,16,14,,,,26,4,18,8,,,,,
3/2026,Tia sáng,1006710,Nền tảng - Kiến tạo,,,,,,20837,4219,2038,2138,7722,29,6,25,0,16686,4120,31,13536,6873,,68,360,18809,12649,6499,1689,,,,,
3/2026,Tia sáng,1006711,Hồ sơ - Nhân vật,,,,,,26465,2029,6706,984,10976,37,1,16,0,23767,2651,47,21916,4273,,130,146,23247,12812,10496,3157,,,,,
3/2026,Tia sáng,1006722,Folder Test,,,,,,163,103,1,20,0,0,0,0,0,162,1,,105,58,,,,78,29,93,41,,,,,
3/2026,Tia sáng,1006744,Multimedia,,,,,,397,255,114,19,0,0,0,0,0,156,241,,88,282,,1,26,376,346,50,1,,,,,
3/2026,VnExpress,1000000,VnExpress,,,,,,184923523,71598071,19574344,129033,49592109,3116496,7039379,32727000,401693,163810398,21006137,106988,87888564,67315207,28881303,647434,191015,113804317,20462692,95604871,68855960,,184923523,29501203,28889562,10495474
3/2026,VnExpress,1001002,Thế giới,800,800,,526,274,77791767,3865485,7882752,6800804,32603705,12306188,10406315,3272021,610212,67645042,10088452,58273,48784233,21540209,6933552,444464,89309,46593617,7830470,43938640,26022657,63495947,14295820,,,
3/2026,VnExpress,1001005,Thời sự,563,559,4,395,168,23976192,1857478,3231094,3643027,9261510,2654690,2072737,1076057,151841,22464896,1497498,13798,14106998,7678457,2003959,135557,51221,18054724,3413505,14383719,6178968,20607206,3368986,,,
3/2026,VnExpress,1001006,Xe,314,269,45,17,297,10156332,667749,3342427,326918,1928019,1321408,993985,1496562,73251,9315496,832936,7900,5822582,3825280,413681,44901,49888,6802109,1943321,6371310,1841701,6349617,3806715,,,
3/2026,VnExpress,1001007,Pháp luật,415,415,,133,282,19851653,1215812,3343548,3635315,6017347,2317321,2340442,815315,145762,18215267,1623635,12751,12839754,5298731,1560572,110776,41820,14417104,2874222,11915584,5061847,17641776,2209877,,,
3/2026,VnExpress,1001011,Thư giãn,181,181,,,181,8484796,458305,4756724,27015,551058,122029,2257253,256809,54701,8116196,364968,3632,7368699,964753,61622,67991,21731,4835183,1384661,6348695,751440,8318810,165986,,,
3/2026,VnExpress,1001012,Ý kiến,175,175,,,175,4719876,261777,2013281,237994,1118049,370958,531236,114553,51163,4332635,384603,2638,3213967,1163496,292213,28920,21280,3650870,525158,3107600,1087118,4400544,319332,,,
3/2026,VnExpress,1001014,Tâm sự,356,356,,,356,7278377,470255,1483867,17326,1664211,1870794,1343847,354437,72374,6385844,887977,4556,4082686,2673644,465762,39154,17131,3760529,902577,3760052,2615748,5385680,1892697,,,
3/2026,VnExpress,1002565,Thể thao,710,637,73,150,560,26430174,5059021,3232255,2398612,5593267,4097959,2036128,2980248,108423,23657871,2748332,23971,17147587,7603585,1397350,162726,118926,15953122,5674751,14119652,6635771,11214261,15215913,,,
3/2026,VnExpress,1002691,Giải trí,358,343,15,79,279,10351848,825996,1979697,393319,3778315,1387808,1396309,458495,123468,8474684,1862623,14541,5134350,4329394,745915,75876,66313,7255237,1814112,5771293,2766443,8794168,1557680,,,
3/2026,VnExpress,1002966,Đời sống,262,218,44,40,222,8593545,501235,2225819,636413,2727945,747353,1283001,352172,79784,7100200,1480429,12916,4825972,3089934,584079,64117,29443,6460057,1357716,5129308,2106521,7840006,753539,,,
3/2026,VnExpress,1003159,Kinh doanh,697,418,279,236,461,24159414,2921515,3572820,3293655,8889890,2295883,1715091,1254814,147788,22671081,1474534,13799,14881643,7178244,1936227,102382,60918,19097751,3849007,14856526,5453881,21279667,2879747,,,
3/2026,VnExpress,1003231,Du lịch,293,224,69,43,250,5564401,360508,1510587,493561,1650252,454165,664839,353551,61223,4545345,1010146,8910,3061879,1881282,550604,46026,24610,4314080,949070,3271183,1344148,5130888,433513,,,
3/2026,VnExpress,1003450,Góc nhìn,33,33,,,33,1746799,103705,92433,54367,772836,386841,179061,136593,7706,1581247,164122,1430,637724,726777,358449,11748,12101,1382178,237623,934754,574422,1280854,465945,,,
3/2026,VnExpress,1003497,Giáo dục,251,192,59,76,175,7631705,672571,2522120,912658,1960926,440906,684202,376452,42505,7048501,575965,7239,4745069,2310115,496264,47948,32309,6044424,1723392,4607720,1300593,7014019,617686,,,
3/2026,VnExpress,1003750,Sức khỏe,1057,429,628,66,991,8898575,647285,1283968,1488211,2860758,768513,1234348,461796,114834,7707501,1180687,10387,4995899,2864088,874204,69093,95291,6544882,1720756,4963602,2214217,8123673,774902,,,
3/2026,VnExpress,1004492,Mới nhất,,,,,,4323970,204203,217841,198,1683170,266132,368555,545143,1038425,3838660,482508,2802,917081,1778614,1606653,18690,2932,3086544,313024,1949489,2061457,,4323970,,,
3/2026,VnExpress,1005628,Bất động sản,279,151,128,25,254,3479827,233012,497059,221685,1440146,620848,287531,138963,33149,3208933,268083,2811,1502635,1702481,237829,21448,15434,2720040,516477,2062062,901288,2744368,735459,,,
3/2026,VnExpress,1005712,Thời tiết,,,,,,249348,22601,148788,82,12036,548,1565,63457,78,240629,8620,99,187908,46785,13327,1086,242,215997,80290,154110,14948,,249348,,,
3/2026,VnExpress,1005858,Spotlight,2,2,,2,,464657,57825,8578,31788,124461,112920,14101,22971,1202,434808,29615,234,151523,206153,104537,2003,441,394793,74181,261810,128666,322103,142554,,,
3/2026,VnExpress,1005953,Đọc nhanh,,,,,,424171,0,0,0,42714,328394,134,52928,1,381866,42068,237,,,424171,,,358765,,115567,308604,,424171,,,
3/2026,VnExpress,1006219,Khoa học công nghệ,345,298,47,72,273,8309329,624929,1440697,379172,3867848,850873,690541,379850,51141,7221456,1078579,9294,4904113,2501455,809591,41757,52413,6690074,1418338,4570192,2320799,7309899,999430,,,
3/2026,VnExpress,1006255,VnE-GO,281,281,,125,156,20556071,914713,2646965,2361173,4535533,7161111,440382,2407603,78322,18903939,1641397,10735,12598545,5092457,2755696,83440,25933,6846356,2189281,12723704,5643086,19401187,1154884,,,
3/2026,VnExpress,9999999,Other,,,,,,1547738,151129,126735,114641,177298,398462,27002,539948,3941,1406400,139273,2065,681298,378213,481045,4464,2718,863099,315043,805492,427203,22473,1525265,,,
4/2026,English,1003888,English,,,,,,768022,215454,76748,2638,20728,4968,38312,407265,629,488001,274351,5670,160476,305887,255865,3944,41850,527791,127036,440215,200771,,768022,376505,5752938,376505
4/2026,English,1003894,News,227,223,4,,227,2332901,165280,1787294,86170,32304,6033,120630,131112,48,302206,1962759,67936,2025066,216860,43392,32333,15250,1968212,893737,1381375,57789,2263955,68946,,,
4/2026,English,1003895,Business,240,221,19,,240,2272104,170632,1855512,13596,20737,5729,119023,84090,19,161531,2086013,24560,2043832,162884,29799,21424,14165,1885322,697744,1536037,38323,2226278,45826,,,
4/2026,English,1003898,Video,,,,,,798,353,195,133,0,0,51,60,0,145,603,50,217,385,12,1,183,725,608,180,10,748,50,,,
4/2026,English,1003902,World,60,60,,,60,29860,8475,3346,1012,2043,1359,4281,9101,6,13294,15734,832,11846,13444,2392,252,1926,21965,12299,13962,3599,19624,10236,,,
4/2026,English,1003988,Travel & Life,,,,,,2752,727,780,92,0,0,1064,64,0,489,2182,81,598,2082,5,18,49,1878,2200,531,21,2752,,,,
4/2026,English,1004040,Perspectives,9,9,,,9,61606,8094,35183,1526,2057,820,3201,10599,5,20264,40411,931,41330,13951,3811,547,1967,50368,16272,41552,3782,52535,9071,,,
4/2026,English,1004314,Sports,111,109,2,,111,416521,31747,325521,3191,4441,1002,24447,25449,16,31824,374873,9824,344550,48348,10315,4217,9091,329726,160974,244358,11189,406050,10471,,,
4/2026,English,1004323,Travel,180,174,6,,180,1500883,83643,1169820,65489,12826,2898,99038,65585,72,160872,1317484,22527,1343781,101132,21960,23727,10283,1235589,437481,1033894,29508,1479812,21071,,,
4/2026,English,1004329,Life,154,150,4,,154,694756,55428,415369,6901,10195,2521,138527,64583,27,73358,604683,16715,558510,97570,19522,9026,10128,456246,255086,415532,24138,672752,22004,,,
4/2026,English,1006144,Tech,122,120,2,,122,1083047,64012,911039,4785,7757,1925,60377,32222,17,47377,999792,35878,982422,66378,11794,14456,7997,915492,414964,654457,13626,1066955,16092,,,
4/2026,English,1006582,VnE-GO,,,,,,11761,882,16,53,925,3119,670,6092,3,7444,4113,204,2972,1913,6500,45,331,4820,2333,8232,1196,8755,3006,,,
4/2026,English,6666666,Other,77,77,,,77,3568,352,74,6,0,0,36,3100,0,2579,974,15,85,327,3059,1,96,2519,360,2165,1043,109,3459,,,
4/2026,Ngoi sao,1002835,Ngôi sao,,,,,,10055050,4544340,967020,2265,170670,21843,522990,3809656,2502,8381390,1661272,12388,4594505,5362312,47582,43768,6883,5269648,818769,4072260,5164021,40,10055010,1255447,2143746,1255447
4/2026,Ngoi sao,1002836,Showbiz,442,442,,,442,6621719,178203,1062910,105617,2526871,251316,1742999,741056,7104,5246346,1364406,10967,3777782,2660252,124112,49885,9688,3541015,767870,3111934,2741915,6207040,414679,,,
4/2026,Ngoi sao,1002837,Thể thao,64,64,,,64,600962,14233,56239,7340,274498,16058,163844,67873,431,493608,106358,996,310858,273701,12512,3509,382,416572,67777,253691,279494,573852,27110,,,
4/2026,Ngoi sao,1002838,Thời cuộc,320,320,,4,316,2842025,67844,223195,67062,1190960,134947,803701,347763,4560,2211018,625367,5640,1651603,1097753,64401,22995,5273,1590989,300475,1124859,1416691,2626155,215870,,,
4/2026,Ngoi sao,1002905,Thương trường,18,11,7,,18,160916,5757,26438,2950,56273,7639,45241,16339,132,134230,26391,295,85199,71836,2308,1437,136,125285,24691,72972,63253,147139,13777,,,
4/2026,Ngoi sao,1002906,Thời trang,59,55,4,,59,892615,20593,80504,46326,322831,34307,285978,100199,1231,736877,154430,1308,471901,398788,15222,6052,652,605222,111709,412026,368880,835466,57149,,,
4/2026,Ngoi sao,1002907,Làm đẹp,73,71,2,,73,466753,17613,50078,3392,150897,26358,161808,55738,555,381785,84061,907,212050,242437,8124,3427,715,299654,69255,209974,187524,422712,44041,,,
4/2026,Ngoi sao,1002910,Trắc nghiệm,155,155,,,155,6342181,151616,1441647,3463,493593,310066,3360467,578265,1669,5776083,558933,7165,4898973,1354522,54824,31650,2212,1610018,492438,3093347,2756396,5917838,424343,,,
4/2026,Ngoi sao,1002913,Ăn chơi,58,53,5,,58,522514,18770,48919,12154,165432,30999,175839,69478,322,425196,96448,870,199283,311677,7512,3692,350,325880,83162,217267,222085,466919,55595,,,
4/2026,Ngoi sao,1002915,Buôn chuyện,,,,,,13834,1731,9149,304,44,21,2137,379,39,11906,1867,61,9810,3607,12,75,330,11835,7857,5276,701,13769,65,,,
4/2026,Ngoi sao,1003232,Video,4,4,,,4,54559,6589,14381,208,9058,2371,16041,5156,738,44715,9698,146,33426,20471,123,482,57,40346,17815,21531,15213,44190,10369,,,
4/2026,Ngoi sao,1003720,Lối sống,238,228,10,,238,1452434,44230,145174,86164,615701,41594,355691,161031,368,1176721,273093,2620,825599,583386,32252,10110,1087,1001861,189509,603248,659677,1389579,62855,,,
4/2026,Ngoi sao,1005535,Xem,52,51,1,,52,243158,9577,43973,3071,95445,3771,59852,26748,520,199617,43015,526,142682,92708,5691,1768,309,193436,42967,105980,94211,235730,7428,,,
4/2026,Ngoi sao,1005565,Podcasts,4,4,,,4,47681,2611,1663,406,19708,2270,11678,8901,32,37549,10061,71,31567,14022,1002,490,600,34494,14593,16120,16968,38092,9589,,,
4/2026,Ngoi sao,8888888,Other,21,,21,,21,29292,2731,1463,276,5175,3994,9468,6059,108,23200,6034,58,8057,20796,82,263,94,19523,7322,10984,10986,12901,16391,,,
4/2026,Tia sáng,1006614,Tia sáng,93,93,,,93,88560,21404,7657,953,2999,0,0,3,0,72832,15517,211,40044,44582,,382,3552,60982,34415,38431,15714,,,,,
4/2026,Tia sáng,1006615,Tin tức,,,,,,9767,7537,1269,624,43,0,0,1,0,2202,7539,26,2905,4159,,5,2698,9509,9095,542,130,,,,,
4/2026,Tia sáng,1006617,Diễn đàn,,,,,,172160,24582,53450,26902,34530,1,21,107,0,155449,16393,318,137003,31498,,1108,2551,149979,91379,63861,16920,,,,,
4/2026,Tia sáng,1006618,Tin nổi bật,,,,,,831,482,130,33,0,0,0,0,0,401,428,2,301,428,,3,99,771,597,176,58,,,,,
4/2026,Tia sáng,1006622,Chuyên đề,,,,,,5038,236,35,5,0,0,0,0,0,3317,1716,5,1776,2361,,40,861,3176,2398,2080,560,,,,,
4/2026,Tia sáng,1006683,Khoa học - Công nghệ,,,,,,261104,49599,99783,16406,66602,14,172,180,0,230905,29780,419,208757,45941,2,1158,5246,236075,161351,77241,22512,,,,,
4/2026,Tia sáng,1006687,Văn hóa - Xã hội,,,,,,110544,32146,21787,11971,21978,3,5,55,6,83818,26407,319,66372,37200,,611,6361,94356,67479,33800,9265,,,,,
4/2026,Tia sáng,1006710,Nền tảng - Kiến tạo,,,,,,17213,3574,4144,1498,3147,8,2,22,0,13636,3543,34,10219,6192,,88,714,15286,9020,6385,1808,,,,,
4/2026,Tia sáng,1006711,Hồ sơ - Nhân vật,,,,,,60125,9071,28430,1764,12152,6,9,28,0,55824,4207,94,51039,8463,,353,270,53620,30487,23983,5655,,,,,
4/2026,Tia sáng,1006722,Folder Test,,,,,,39,37,0,0,0,0,0,0,0,39,,,4,35,,,,14,2,2,35,,,,,
4/2026,Tia sáng,1006744,Multimedia,,,,,,384,226,123,5,0,0,0,0,0,150,234,,113,225,,,46,365,337,42,5,,,,,
4/2026,VnExpress,1000000,VnExpress,,,,,,154174036,59148252,15314730,201158,42410973,2624607,5399204,28327673,301240,135521295,18521832,130909,72033258,56573759,24829658,577734,159627,96722859,17053779,62865415,74254842,,154174036,26420686,28315896,9335513
4/2026,VnExpress,1001002,Thế giới,703,703,,382,321,47160461,2832066,4927688,2458248,19899184,8833156,6020390,1792642,370224,39617084,7485051,58326,28223397,14064862,4498249,312462,61491,29235199,4732693,20032739,22395029,36534211,10626250,,,
4/2026,VnExpress,1001005,Thời sự,651,649,2,472,179,31970887,2477606,4808401,4262145,13008084,2656625,2999389,1546950,170419,30172030,1770098,28759,19606016,9401717,2737270,177528,48356,23388549,4064798,17464464,10441625,28855322,3115565,,,
4/2026,VnExpress,1001006,Xe,328,289,39,22,306,8750298,598311,2811156,200974,1610834,1155097,980256,1313084,65130,8009353,728981,11964,4825376,3480086,350327,43221,51288,5858568,1625053,4893762,2231483,5457884,3292414,,,
4/2026,VnExpress,1001007,Pháp luật,414,414,,130,284,15880455,999518,2646966,2690533,4675763,2072474,1992847,652728,136070,14551934,1313921,14600,10054337,4462636,1235449,93184,34849,11394890,2237216,8358314,5284925,13903554,1976901,,,
4/2026,VnExpress,1001011,Thư giãn,175,175,,,175,8623185,429221,5019855,7401,490671,116338,2277929,224208,55943,8231291,386230,5664,7615518,861136,57590,71951,16990,4923365,1366951,6302883,953351,8464528,158657,,,
4/2026,VnExpress,1001012,Ý kiến,190,189,1,,190,4006779,166397,1728904,271478,884713,327518,439139,104143,41476,3735525,267715,3539,2812551,907305,242638,28211,16074,3115714,461540,2383451,1161788,3712371,294408,,,
4/2026,VnExpress,1001014,Tâm sự,386,386,,,386,6864706,330988,1514384,19357,1577780,1759594,1258775,340590,62098,6082947,774707,7052,3982258,2388543,439122,39915,14868,3536298,776477,2971895,3116334,5114201,1750505,,,
4/2026,VnExpress,1002565,Thể thao,671,596,75,121,550,28275561,6339313,3847878,1214882,5367976,4081757,2020521,4312759,89906,25789383,2458179,27999,18886516,7808248,1312181,167843,100773,16914950,6463041,14131478,7681042,11117865,17157696,,,
4/2026,VnExpress,1002691,Giải trí,430,408,22,86,344,10028390,538940,2453816,370119,3327559,1269573,1463424,474685,120819,8170742,1837784,19864,5305680,3847227,737816,82514,55153,6958404,1591818,4925620,3510952,8741613,1286777,,,
4/2026,VnExpress,1002966,Đời sống,240,195,45,28,212,6719065,380511,2205711,486859,1747066,657793,886279,275313,52385,5675212,1029144,14709,4038527,2190756,415975,51310,22497,5165901,1087711,3604500,2026854,6031193,687872,,,
4/2026,VnExpress,1003159,Kinh doanh,674,420,254,171,503,14782439,1340537,2847665,1453378,5323640,1833316,1057166,778148,96861,13791936,977065,13438,8713454,4770647,1181121,70537,46680,11699972,2199506,7567350,5015583,12449866,2332573,,,
4/2026,VnExpress,1003231,Du lịch,296,212,84,41,255,4712192,269524,1586103,268089,1259236,408112,513482,344751,44237,4044039,658736,9417,2593156,1604955,456896,35299,21886,3649726,819189,2493778,1399225,4309606,402586,,,
4/2026,VnExpress,1003450,Góc nhìn,32,32,,,32,1719246,136540,125965,69691,734321,332263,159774,139832,6558,1581073,136048,2125,705189,665862,324753,12400,11042,1391067,226761,812348,680137,1312804,406442,,,
4/2026,VnExpress,1003497,Giáo dục,282,213,69,70,212,7088095,506532,2908095,565859,1470163,423763,723694,434777,42142,6545017,534521,8557,4390665,2155608,465164,50685,25973,5402465,1561067,3997353,1529675,6412855,675240,,,
4/2026,VnExpress,1003750,Sức khỏe,1039,424,615,70,969,8516677,493415,1409992,1442830,2719442,718129,1109073,481273,104238,7435527,1067565,13585,4872018,2619820,872839,65296,86704,6326184,1428506,4354575,2733596,7782026,734651,,,
4/2026,VnExpress,1004492,Mới nhất,,,,,,3666348,174291,187554,139,1417337,221007,320020,460300,885506,3243309,419411,3628,732749,1528126,1385457,16961,3055,2621467,266018,1152402,2247928,,3666348,,,
4/2026,VnExpress,1005628,Bất động sản,290,150,140,24,266,3445996,186078,773032,184788,1260605,559565,312080,128269,30803,3207202,234778,4016,1663458,1529052,217058,23497,12931,2685594,451773,1764182,1230041,2787403,658593,,,
4/2026,VnExpress,1005712,Thời tiết,,,,,,454453,32324,252607,328,13663,605,3311,151257,86,441901,12308,244,362073,75213,15251,1656,260,392684,140533,287572,26348,,454453,,,
4/2026,VnExpress,1005858,Spotlight,3,3,,3,,547016,94220,22724,41140,210707,97224,15951,27778,1033,502884,43487,645,264349,174740,104721,2759,447,471970,77915,271937,197164,426890,120126,,,
4/2026,VnExpress,1005953,Đọc nhanh,,,,,,364706,0,0,0,34936,286326,102,43342,0,326615,37798,293,,,364706,,,309401,,78314,286392,,364706,,,
4/2026,VnExpress,1006219,Khoa học công nghệ,340,300,40,95,245,10722323,543446,2076754,702455,4931411,836826,1086777,472439,57819,9574070,1135262,12991,6770249,2831821,1019238,60116,40899,8335657,1603762,5314205,3804356,9802468,919855,,,
4/2026,VnExpress,1006255,VnE-GO,294,294,,127,167,15451509,1064372,410778,1682639,3626006,6242110,354622,1993573,61093,14185389,1253049,13071,8841833,4249398,2260622,69772,29884,5093210,1715496,7762074,5973939,14506680,944829,,,
4/2026,VnExpress,9999999,Other,,,,,,1134786,99228,106598,84208,122694,334847,23725,353832,3250,1025840,106921,2025,468378,254385,406202,3412,2409,699859,241666,498409,394711,13585,1121201,,,
5/2026,English,1003888,English,,,,,,868648,344401,70055,12755,20578,5015,34878,376865,529,465766,365764,37118,168308,391319,230247,4233,74541,643870,268732,430328,169588,,868648,332925,4519323,332925
5/2026,English,1003894,News,262,249,13,,262,1948709,184672,1377557,82750,33878,5775,126781,133477,55,309144,1571321,68244,1618861,232155,45412,35414,16867,1597533,704105,1191523,53081,1882906,65803,,,
5/2026,English,1003895,Business,222,197,25,,222,1802523,134147,1456227,11878,17734,4860,105427,69901,40,132722,1630654,39147,1596184,146664,22220,22219,15236,1522886,590069,1184292,28162,1756978,45545,,,
5/2026,English,1003898,Video,,,,,,729,357,163,71,0,0,62,70,0,158,515,56,365,230,8,5,121,665,573,150,6,663,66,,,
5/2026,English,1003902,World,60,60,,,60,33447,9295,6875,969,2183,1326,3668,8807,7,11826,20202,1419,15271,12884,2233,272,2787,26012,12807,16852,3788,23561,9886,,,
5/2026,English,1003988,Travel & Life,,,,,,2115,872,764,91,0,0,272,97,0,589,1423,103,950,1020,14,8,123,1795,1663,438,14,2100,15,,,
5/2026,English,1004040,Perspectives,12,12,,,12,109616,10342,67478,9069,2792,705,5549,13572,6,31489,75479,2648,85007,17205,4291,1163,1950,91665,31788,72647,5181,101048,8568,,,
5/2026,English,1004314,Sports,131,125,6,,131,241704,30490,156241,5033,4567,1197,17925,25343,10,31946,198597,11161,184100,34369,10843,2699,9693,193932,123869,106957,10878,231229,10475,,,
5/2026,English,1004323,Travel,173,164,9,,173,1763473,136026,1334166,59555,12212,2858,110365,68837,95,145675,1571751,46047,1579484,124318,21185,25713,12773,1433059,622348,1114877,26248,1741894,21579,,,
5/2026,English,1004329,Life,126,119,7,,126,608651,56467,349243,3268,10156,2396,129360,56434,17,68376,515358,24917,491247,80358,18182,7545,11319,389670,253282,335913,19456,588521,20130,,,
5/2026,English,1006144,Tech,109,107,2,,109,468340,53061,336494,2877,8876,1856,33135,31284,27,43013,408292,17035,387546,55791,12071,5249,7683,390545,209921,245514,12905,451876,16464,,,
5/2026,English,1006582,VnE-GO,,,,,,9650,822,6,30,825,1699,500,5766,2,6609,2929,112,1911,1352,6077,47,263,4441,1545,7349,756,6812,2838,,,
5/2026,English,6666666,Other,76,76,,,76,4756,882,79,88,0,0,1062,2644,0,3806,910,40,780,1359,2550,,67,3001,674,2339,1743,1684,3072,,,
5/2026,Ngoi sao,1002835,Ngôi sao,,,,,,10286672,4728136,1011015,2463,186313,24463,559980,3757443,2716,8601635,1650157,34880,4763549,5428934,42757,44722,6710,5417851,849716,4913912,4523044,79,10286593,1309309,2283395,1309309
5/2026,Ngoi sao,1002836,Showbiz,380,380,,,380,6543856,190477,1042671,139648,2451401,254841,1727456,723742,9807,5230875,1285081,27900,3813147,2549531,123419,50590,7169,3551695,819462,3404326,2320068,6121164,422692,,,
5/2026,Ngoi sao,1002837,Thể thao,47,47,,,47,616293,18179,156959,4256,204650,16236,161670,53302,790,522816,90542,2935,376296,224310,9520,4423,1744,437930,74707,343236,198350,587893,28400,,,
5/2026,Ngoi sao,1002838,Thời cuộc,320,319,1,1,319,3371391,80463,224389,63579,1475715,137249,967915,415512,4508,2623298,730823,17270,1924290,1336752,78737,26080,5532,1848281,364224,1498743,1508424,3142609,228782,,,
5/2026,Ngoi sao,1002905,Thương trường,11,6,5,,11,144838,5561,13121,2903,38333,7773,62047,14816,188,117655,26503,680,64854,75657,2085,1168,1074,107014,25088,70720,49030,129722,15116,,,
5/2026,Ngoi sao,1002906,Thời trang,60,59,1,,60,760838,23829,88352,14946,273967,33878,240879,82488,1789,612168,145283,3387,397609,341910,13710,5979,1630,519874,108338,383125,269375,701341,59497,,,
5/2026,Ngoi sao,1002907,Làm đẹp,71,69,2,,71,602383,20095,82075,7182,221756,27802,171029,70472,1510,491726,107737,2920,307492,276474,11294,4586,2537,419795,81051,301758,219574,556684,45699,,,
5/2026,Ngoi sao,1002910,Trắc nghiệm,153,153,,,153,6458152,152304,1480680,3883,537501,315644,3416091,549111,1568,5860173,581375,16604,5009908,1358874,55716,32002,1652,1699821,496749,3246942,2714461,6020812,437340,,,
5/2026,Ngoi sao,1002913,Ăn chơi,59,57,2,,59,671307,26809,120106,6543,234327,32470,173895,76214,477,555748,112605,2954,303101,351031,10259,5739,1177,477260,90654,349744,230909,613507,57800,,,
5/2026,Ngoi sao,1002915,Buôn chuyện,,,,,,14139,2278,8114,186,9,7,3153,318,41,11608,2286,245,9317,4331,1,106,384,12365,7788,5501,850,14085,54,,,
5/2026,Ngoi sao,1003232,Video,1,1,,,1,48850,9222,13884,156,4528,2092,14577,3808,574,36814,10816,1220,28820,19485,170,303,72,37485,18866,19558,10426,37013,11837,,,
5/2026,Ngoi sao,1003720,Lối sống,211,208,3,,211,1528584,47565,165192,53722,660014,45178,378444,175787,1681,1239648,281395,7541,844300,636492,34094,10254,3444,1038998,198395,699208,630981,1460288,68296,,,
5/2026,Ngoi sao,1005535,Xem,40,37,3,,40,241633,10762,45950,3124,85248,3866,65148,26776,429,196683,43762,1188,141017,92957,5259,2057,343,193646,46199,115969,79465,232956,8677,,,
5/2026,Ngoi sao,1005565,Podcasts,,,,,,37760,1979,1374,472,6467,2371,15822,9237,19,29136,8478,146,21342,15540,281,454,143,25710,14266,13695,9799,26010,11750,,,
5/2026,Ngoi sao,8888888,Other,5,,5,,5,27678,2570,1220,124,5187,4158,8499,5797,109,21933,5533,212,7812,19080,48,381,357,19547,7198,11723,8757,11193,16485,,,
5/2026,Tia sáng,1006614,Tia sáng,101,101,,,101,86672,22032,6920,606,3184,0,0,1,0,69010,17126,536,40045,41664,,194,4769,58511,32547,39548,14577,,,,,
5/2026,Tia sáng,1006615,Tin tức,,,,,,9235,6991,1823,192,0,0,0,0,0,1696,7405,134,2272,5162,,6,1795,9031,8675,523,37,,,,,
5/2026,Tia sáng,1006617,Diễn đàn,,,,,,143497,33488,28801,19041,34824,4,98,145,0,128631,14141,725,107290,32973,51,702,2481,122346,80201,50156,13140,,,,,
5/2026,Tia sáng,1006618,Tin nổi bật,,,,,,767,443,149,21,0,0,0,0,0,337,423,7,251,405,,2,109,723,558,165,44,,,,,
5/2026,Tia sáng,1006622,Chuyên đề,,,,,,4664,337,54,7,0,0,0,0,0,2997,1659,8,1472,2045,,35,1112,2926,2388,1864,412,,,,,
5/2026,Tia sáng,1006683,Khoa học - Công nghệ,,,,,,139608,42523,29143,8187,36891,2,6,185,0,113001,25781,826,89736,43500,4,658,5710,114583,81297,44802,13509,,,,,
5/2026,Tia sáng,1006687,Văn hóa - Xã hội,,,,,,146150,46270,23996,10732,38931,3,19,101,3,117549,27827,774,92032,46065,35,679,7339,120637,88690,44835,12625,,,,,
5/2026,Tia sáng,1006710,Nền tảng - Kiến tạo,,,,,,50739,8903,20852,2048,12388,3,0,20,0,45190,5373,176,42021,7860,,301,557,47226,26140,19854,4745,,,,,
5/2026,Tia sáng,1006711,Hồ sơ - Nhân vật,,,,,,37848,10230,6360,1169,10877,5,0,24,0,34965,2737,146,25351,11970,,138,389,28959,19230,14064,4554,,,,,
5/2026,Tia sáng,1006744,Multimedia,,,,,,353,217,103,4,0,0,0,0,0,133,218,2,71,251,,,31,339,319,26,8,,,,,
5/2026,VnExpress,1000000,VnExpress,,,,,,132770517,56745469,13987090,45378,32586811,2373842,4951482,21548035,237704,118084030,14244675,441812,57696930,51981607,22300477,593577,197926,86049306,12144780,61558471,59067266,,132770517,24674389,25739047,8456672
5/2026,VnExpress,1001002,Thế giới,752,752,,342,410,32387109,2164747,3951266,1203603,12377987,6833139,4328528,1279031,226405,26669809,5589287,128013,18624803,10338990,3135366,246358,41592,20164097,3503722,14753656,14129731,24012186,8374923,,,
5/2026,VnExpress,1001005,Thời sự,601,595,6,461,140,25577190,1450987,4023781,2959083,11225843,2213529,2363912,1173703,136663,24092384,1427624,57182,15055547,8089218,2235361,161168,35896,18961012,3333857,14194986,8048347,22951258,2625932,,,
5/2026,VnExpress,1001006,Xe,331,299,32,35,296,9602267,537351,3029356,335158,1887037,1170904,1083639,1483229,67467,8843117,727508,31642,5336963,3747588,416598,48778,52340,6397597,1729536,5705175,2167556,6217722,3384545,,,
5/2026,VnExpress,1001007,Pháp luật,423,423,,178,245,23254661,1391906,4048711,3949840,7513907,2324377,2728630,1127522,146911,21515092,1687788,51781,15027408,6134860,1923132,138448,30813,16831193,3448917,13171478,6634266,21103980,2150681,,,
5/2026,VnExpress,1001011,Thư giãn,180,180,,,180,7591365,340072,4216930,6123,507565,112261,2149556,217120,40760,7266232,313348,11785,6548123,910862,58607,63105,10668,4186410,967225,5760333,863807,7439176,152189,,,
5/2026,VnExpress,1001012,Ý kiến,192,192,,,192,4247024,180296,1791071,276959,985325,342692,498892,103705,42927,3930426,302533,14065,2958873,1006687,242212,29924,9328,3271316,481631,2646725,1118668,3939523,307501,,,
5/2026,VnExpress,1001014,Tâm sự,380,380,,,380,6596956,386378,1192482,12119,1672240,1744199,1242012,281774,64224,5846396,721145,29415,3589496,2508363,446149,40769,12179,3387336,862065,2922820,2812071,4927296,1669660,,,
5/2026,VnExpress,1002565,Thể thao,768,656,112,194,574,22655643,1644233,4249873,212547,7181568,4864853,2603002,1766872,100596,19796878,2772689,86076,13492367,7211704,1730958,132153,88461,13857640,3046726,10925471,8683446,14970555,7685088,,,
5/2026,VnExpress,1002691,Giải trí,417,397,20,111,306,10892034,570724,2506963,263317,3901473,1321311,1709698,487719,118435,8909747,1926146,56141,5742098,4218087,802071,94287,35491,7496328,1724983,5664860,3502191,9590369,1301665,,,
5/2026,VnExpress,1002966,Đời sống,254,198,56,37,217,6748045,409313,1953595,352715,2131128,640162,867496,321913,49849,5761558,953298,33189,3801618,2414977,467346,48589,15515,5219962,1121693,3693717,1932635,6073088,674957,,,
5/2026,VnExpress,1003159,Kinh doanh,567,332,235,133,434,11741424,1005635,2061269,1004144,4374204,1640284,965730,576547,74197,10836977,869794,34653,6321594,4420617,903282,66517,29414,9093934,1790736,6308588,3642100,9664294,2077130,,,
5/2026,VnExpress,1003231,Du lịch,225,193,32,36,189,4078627,272223,1313620,231416,1093879,397675,460194,253495,37909,3477680,580520,20427,2237472,1458727,332262,35315,14851,3145275,728585,2270367,1079675,3686949,391678,,,
5/2026,VnExpress,1003450,Góc nhìn,30,30,,,30,1986473,118323,129026,97876,928337,332967,195698,164971,5974,1819687,159238,7548,862453,764784,334667,14267,10302,1604669,261329,1035444,689700,1578140,408333,,,
5/2026,VnExpress,1003497,Giáo dục,339,247,92,86,253,8424496,589333,3465446,681133,1663033,436309,1010000,518102,42327,7870684,528511,25301,5308723,2553405,477022,61713,23633,6171303,1955810,4986516,1482170,7683741,740755,,,
5/2026,VnExpress,1003750,Sức khỏe,1127,489,638,85,1042,8551129,516236,1857421,839367,2724719,721157,1226437,526280,105624,7471923,1041290,37916,4877281,2611750,921513,66818,73767,6280570,1505388,4544158,2501583,7835457,715672,,,
5/2026,VnExpress,1004492,Mới nhất,,,,,,3273044,170839,153747,132,1230906,190845,346120,381972,798146,2894875,370742,7427,603844,1445064,1201953,18720,3463,2333686,246766,1191338,1834940,,3273044,,,
5/2026,VnExpress,1005628,Bất động sản,311,157,154,37,274,3826451,193858,771320,240257,1532929,548913,345920,147078,30058,3578627,236608,11216,1810916,1740558,238841,26121,10015,2986315,544042,2106368,1176041,3169567,656884,,,
5/2026,VnExpress,1005712,Thời tiết,,,,,,380732,33828,261634,184,13737,523,9988,60376,119,371516,9002,214,298495,63096,16921,1751,469,344302,117733,239372,23627,,380732,,,
5/2026,VnExpress,1005858,Spotlight,5,5,,4,1,349295,46781,9003,9297,121104,98612,13816,22155,1005,318565,29955,775,117034,139732,90008,2080,441,294975,47833,170658,130804,219746,129549,,,
5/2026,VnExpress,1005953,Đọc nhanh,,,,,,330331,0,0,0,30767,260982,81,38500,1,294438,35225,668,,,330331,,,282913,,77193,253138,,330331,,,
5/2026,VnExpress,1006219,Khoa học công nghệ,351,319,32,83,268,8276990,485899,1656674,247416,3866720,784351,834766,340145,49204,7244645,991756,40589,5056544,2354256,786196,45237,34757,6482804,1297611,4197871,2781508,7406410,870580,,,
5/2026,VnExpress,1006255,VnE-GO,303,303,,121,182,16745939,630162,679072,1712593,3952509,7188345,410285,2105586,56910,15152497,1539297,54145,9576283,4603456,2457747,77599,30854,5325403,1904279,9020788,5820872,15765443,980496,,,
5/2026,VnExpress,9999999,Other,1,1,,1,,1125746,114702,99636,95698,122790,255325,25955,402208,3208,1020853,101156,3737,562814,248350,308720,3194,2668,623757,277604,554058,294084,16310,1109436,,,
6/2026,English,1003888,English,,,,,,688344,213034,68944,3454,19833,4810,31762,344432,470,429716,247143,11485,143656,280762,212030,3782,48114,481643,130474,386287,171583,,688344,341178,5222155,341178
6/2026,English,1003894,News,261,251,10,,261,1604239,149866,1114747,79460,32460,4731,97230,122568,32,269982,1280530,53727,1332632,187122,40610,24244,19631,1337142,563602,988641,51996,1546011,58228,,,
6/2026,English,1003895,Business,241,204,37,,241,1594394,126300,1256372,11938,16095,5143,111741,65229,30,112484,1449182,32728,1406467,130690,21529,16728,18980,1328505,450892,1114710,28792,1555290,39104,,,
6/2026,English,1003898,Video,,,,,,926,678,97,38,0,0,70,36,0,91,775,60,298,266,1,1,360,861,824,88,14,889,37,,,
6/2026,English,1003902,World,53,53,,,53,26871,9858,2920,426,1982,1229,3159,7225,10,10829,15166,876,9752,10887,1700,238,4294,20281,12309,11367,3195,18950,7921,,,
6/2026,English,1003988,Travel & Life,,,,,,1980,981,721,74,0,0,136,40,0,460,1401,119,977,801,8,11,183,1804,1550,419,11,1979,1,,,
6/2026,English,1004040,Perspectives,10,10,,,10,33423,6822,10067,1223,2293,699,2752,9446,8,17926,14919,578,15808,12477,2787,294,2057,25863,9510,19937,3976,25341,8082,,,
6/2026,English,1004314,Sports,148,143,5,,148,221984,44276,108565,8066,5949,1356,15759,35124,22,53006,156806,12172,150237,43600,16188,1885,10074,176510,121281,86836,13867,211499,10485,,,
6/2026,English,1004323,Travel,154,141,13,,154,2559540,137989,2167681,49421,10430,2798,130903,58005,103,137944,2323632,97964,2358774,119597,17364,50203,13602,2249517,1045384,1489983,24173,2538683,20857,,,
6/2026,English,1004329,Life,113,109,4,,113,422404,51564,239098,6354,10117,2447,62987,48634,17,70450,333473,18481,307971,81350,15628,6768,10687,312404,200108,203393,18903,402830,19574,,,
6/2026,English,1006144,Tech,106,105,1,,106,1047946,65651,868148,4727,9189,1920,63394,34115,5,49212,955109,43625,943625,68003,11384,17525,7409,910388,455402,578795,13749,1033547,14399,,,
6/2026,English,1006582,VnE-GO,,,,,,7725,507,13,0,596,1642,402,4561,0,5069,2587,69,1598,1076,4744,159,148,3365,1083,6036,606,5443,2282,,,
6/2026,English,6666666,Other,70,70,,,70,2481,122,62,3,0,1,144,2149,0,1895,563,23,173,158,2102,,48,1862,153,1747,581,236,2245,,,
6/2026,Ngoi sao,1002835,Ngôi sao,,,,,,9996860,4640140,1000878,2385,197005,24429,560496,3554511,2460,8392920,1552482,51458,4501394,5390650,50469,43226,11121,5263296,833882,4194680,4968298,17,9996843,1256840,2663074,1256840
6/2026,Ngoi sao,1002836,Showbiz,399,398,1,,399,7364110,229671,1608081,175554,2495744,255004,1852796,728639,7887,6025315,1292320,46475,4430036,2738428,122968,59057,13621,4120480,883084,3798650,2682376,6956888,407222,,,
6/2026,Ngoi sao,1002837,Thể thao,119,119,,,119,1251400,39999,223062,25137,515706,22967,298873,123809,779,1027868,213766,9766,760908,456409,23522,7998,2563,833214,147481,607920,495999,1215901,35499,,,
6/2026,Ngoi sao,1002838,Thời cuộc,281,281,,1,280,2914872,93770,385095,40218,1086061,141975,816680,343521,4663,2282819,606787,25266,1746634,1078462,60411,23497,5868,1641312,320370,1244175,1350327,2694332,220540,,,
6/2026,Ngoi sao,1002905,Thương trường,11,8,3,,11,146682,9306,6724,5192,56592,7792,45086,15502,122,118579,26443,1660,66332,76444,2044,1024,838,114891,26856,63446,56380,132421,14261,,,
6/2026,Ngoi sao,1002906,Thời trang,61,57,4,,61,719896,28137,118354,22616,247892,33739,194814,72424,1104,586331,128463,5102,377230,323291,11450,5626,2299,516121,112080,347134,260682,662871,57025,,,
6/2026,Ngoi sao,1002907,Làm đẹp,59,58,1,,59,510649,24126,116192,4766,158798,27555,122732,55217,778,423578,83178,3893,274643,221405,7713,4160,2728,370555,73071,259169,178409,466550,44099,,,
6/2026,Ngoi sao,1002910,Trắc nghiệm,143,143,,,143,5302394,138868,1026817,3484,512259,310003,2807578,500263,1520,4763804,518265,20325,3900260,1322511,50716,26208,2699,1388161,425713,2489115,2387566,4873593,428801,,,
6/2026,Ngoi sao,1002913,Ăn chơi,48,47,1,,48,563843,25211,76567,7438,199978,33349,153599,67054,336,453830,106364,3649,234272,315142,8014,4819,1596,389251,89274,246532,228037,508055,55788,,,
6/2026,Ngoi sao,1002915,Buôn chuyện,,,,,,14207,5453,6759,238,1,3,1370,345,21,8996,4357,854,8058,5767,7,131,244,12984,9361,4447,399,14170,37,,,
6/2026,Ngoi sao,1003232,Video,4,4,,,4,123035,63568,17477,274,12438,2566,18190,7611,894,61692,49288,12055,39089,82449,142,480,875,102019,72925,27550,22560,83782,39253,,,
6/2026,Ngoi sao,1003720,Lối sống,218,207,11,,218,1486441,53902,142314,30801,660390,47371,374313,175499,718,1200206,274692,11543,759102,676545,33049,11250,6495,998338,191971,599161,695309,1417321,69120,,,
6/2026,Ngoi sao,1005535,Xem,41,40,1,,41,246451,10129,37148,5063,94114,4318,69857,25175,423,203094,41754,1603,142711,95368,5405,2089,878,195479,42577,107825,96049,238469,7982,,,
6/2026,Ngoi sao,1005565,Podcasts,,,,,,24615,1933,799,529,5168,2352,7926,5877,19,20261,4203,151,14401,9222,147,296,549,16220,10479,8120,6016,15978,8637,,,
6/2026,Ngoi sao,8888888,Other,6,,6,,6,29354,5438,1206,161,5580,4228,7134,5456,136,22580,5865,909,7815,20861,64,213,401,22314,7811,11474,10069,12623,16731,,,
6/2026,Tia sáng,1006614,Tia sáng,103,103,,,103,98793,27131,6631,435,3155,0,0,2,0,74120,24106,567,47890,46598,,342,3963,70077,39249,40974,18570,,,,,
6/2026,Tia sáng,1006615,Tin tức,,,,,,32158,5695,984,206,1,0,0,9,0,1393,30728,37,26440,4849,,29,840,7135,31552,499,107,,,,,
6/2026,Tia sáng,1006617,Diễn đàn,,,,,,247695,36536,85923,28655,49493,26,74,309,9,219012,27967,716,197908,46385,7,1270,2125,206891,144467,81979,21249,,,,,
6/2026,Tia sáng,1006618,Tin nổi bật,,,,,,1350,305,107,18,0,0,0,0,0,273,1074,3,934,376,,6,34,570,1174,140,36,,,,,
6/2026,Tia sáng,1006622,Chuyên đề,,,,,,4015,354,64,32,0,0,0,0,0,2911,1085,19,1529,1951,,63,472,2915,1657,1954,404,,,,,
6/2026,Tia sáng,1006683,Khoa học - Công nghệ,,,,,,179562,31482,44296,8936,31398,4,12,257,4,114368,64573,621,132742,44076,3,640,2101,113640,119805,46425,13332,,,,,
6/2026,Tia sáng,1006687,Văn hóa - Xã hội,,,,,,261898,44841,53524,14782,52826,1,14,214,4,167402,93871,625,203634,53352,2,903,4007,167640,177651,65511,18736,,,,,
6/2026,Tia sáng,1006694,Video,,,,,,12,4,0,0,6,0,0,0,0,10,2,,10,2,,,,12,8,,4,,,,,
6/2026,Tia sáng,1006710,Nền tảng - Kiến tạo,,,,,,48881,9027,8457,1652,16319,1,14,46,0,37933,10848,100,40321,7921,1,216,422,39394,26344,17022,5515,,,,,
6/2026,Tia sáng,1006711,Hồ sơ - Nhân vật,,,,,,44602,11579,11738,2955,8802,1,2,39,0,40820,3628,154,29454,14805,,199,144,36493,24976,15627,3999,,,,,
6/2026,Tia sáng,1006722,Folder Test,,,,,,4,4,0,0,0,0,0,0,0,4,,,,4,,,,2,,,4,,,,,
6/2026,Tia sáng,1006744,Multimedia,,,,,,1050,207,76,7,0,0,0,0,0,98,950,2,806,223,,,21,307,1029,19,2,,,,,
6/2026,VnExpress,1000000,VnExpress,,,,,,129572702,55642484,14061032,46937,31605819,2361975,4304962,21057705,222261,115656063,13386059,530580,55593998,51521714,21693669,555487,207834,84009927,11478500,58219880,59874322,,129572702,31839308,21241694,7994938
6/2026,VnExpress,1001002,Thế giới,717,717,,338,379,27510020,2035482,3167702,865229,10710397,6032158,3396130,1088749,199494,22675454,4646963,187603,15277264,9350849,2626778,203359,51770,17455493,3166607,11971031,12372382,19979336,7530684,,,
6/2026,VnExpress,1001005,Thời sự,510,505,5,350,160,19534934,1297956,3062834,2045248,8325542,1959039,1811605,906550,108869,18205727,1249426,79781,10938926,6698243,1731231,121579,44955,14735117,2768443,10284165,6482326,17111581,2423353,,,
6/2026,VnExpress,1001006,Xe,320,284,36,26,294,8270563,562228,2208567,323193,1853995,1079950,866234,1315390,52791,7509144,719033,42386,4238147,3552280,368300,42068,69768,5496951,1607718,4602847,2059998,5185991,3084572,,,
6/2026,VnExpress,1001007,Pháp luật,359,359,,131,228,13616988,943464,1956452,2222724,4332261,1929620,1529876,586963,101654,12367264,1190630,59094,8258072,4163961,1079346,83323,32286,9733795,2217569,6963220,4436199,11744239,1872749,,,
6/2026,VnExpress,1001011,Thư giãn,186,186,,,186,6923537,395429,3914724,5396,458716,101425,1841827,179818,23912,6606193,299229,18115,5953666,852117,53635,52181,11938,3998359,1146907,5049553,727077,6787935,135602,,,
6/2026,VnExpress,1001012,Ý kiến,185,185,,,185,3333898,212386,1150741,160207,907548,324486,406048,100496,39679,3044867,268005,21026,2077223,1000640,220986,20713,14336,2531685,445746,1831444,1056708,3048128,285770,,,
6/2026,VnExpress,1001014,Tâm sự,368,368,,,368,6213187,421756,1013862,10167,1644901,1697891,1110241,254764,58155,5475654,694888,42645,3204120,2540215,417248,35850,15754,3156426,768306,2548421,2896460,4585612,1627575,,,
6/2026,VnExpress,1002565,Thể thao,711,668,43,282,429,53760933,4190561,11859733,662166,14376507,8620835,4138500,9661025,118868,47813041,5663248,284644,34893450,15289454,3072774,278817,226438,32390422,9254681,29861521,14644731,24640765,29120168,,,
6/2026,VnExpress,1002691,Giải trí,389,378,11,73,316,9728401,604537,2589016,213634,3117441,1282866,1433088,375195,102209,7915631,1728936,83834,5099828,3877505,614987,82326,53755,6776237,1678237,4896419,3153745,8513605,1214796,,,
6/2026,VnExpress,1002966,Đời sống,234,177,57,37,197,6243948,416669,1578292,278468,2221140,643247,766679,277269,40681,5197604,996919,49425,3307161,2449846,415685,48293,22963,4849791,1095845,3129468,2018635,5598033,645915,,,
6/2026,VnExpress,1003159,Kinh doanh,645,373,272,139,506,11662025,1102439,1933911,985935,4289798,1633075,1016303,603041,74261,10675480,933190,53355,6116784,4526945,912498,63226,42572,9028488,1777741,6034935,3849349,9611285,2050740,,,
6/2026,VnExpress,1003231,Du lịch,231,178,53,31,200,4981314,300574,1845712,457110,1226012,395987,466164,235072,34338,4255937,690958,34419,3069660,1546000,308528,37930,19196,3972296,900796,2871898,1208620,4608164,373150,,,
6/2026,VnExpress,1003450,Góc nhìn,30,30,,,30,1590527,102874,67083,88759,696839,320561,154686,141245,5082,1438334,142461,9732,602045,675626,291653,10997,10206,1271066,223291,778851,588385,1199023,391504,,,
6/2026,VnExpress,1003497,Giáo dục,292,235,57,137,155,14690168,1274636,5777222,1377571,2719100,572749,1698288,1181484,44573,14011100,642915,36153,9698147,4188188,692475,86665,24693,10166886,3882011,8607194,2200963,12924084,1766084,,,
6/2026,VnExpress,1003750,Sức khỏe,1124,460,664,59,1065,8220003,617513,1908193,804319,2597742,695104,1021210,452207,90885,7145388,1025136,49479,4674906,2575263,805656,64848,99330,6142189,1569484,4248602,2401917,7518077,701926,,,
6/2026,VnExpress,1004492,Mới nhất,,,,,,3046713,164408,128928,240,1186332,189973,283125,361482,731883,2691528,342388,12797,555678,1324607,1147306,16503,2619,2174196,229321,991477,1825915,,3046713,,,
6/2026,VnExpress,1005628,Bất động sản,300,145,155,34,266,3361312,204155,598587,185369,1394577,530091,283704,131203,24977,3099344,246970,14998,1521169,1577865,225973,23272,13033,2619695,477697,1696444,1187171,2737595,623717,,,
6/2026,VnExpress,1005712,Thời tiết,,,,,,369892,34023,264765,196,11447,510,4415,54184,110,360379,9249,264,296056,56451,14001,1673,1711,331727,116213,233318,20361,,369892,,,
6/2026,VnExpress,1005858,Spotlight,3,3,,3,,462381,69167,16229,24666,210108,93822,13836,27960,1143,417799,43090,1492,187848,174396,96458,3069,610,391993,51500,230111,180770,342590,119791,,,
6/2026,VnExpress,1005953,Đọc nhanh,,,,,,315335,0,0,0,28335,249665,67,37268,0,281985,32436,914,,,315335,,,270490,,74860,240475,,315335,,,
6/2026,VnExpress,1006219,Khoa học công nghệ,364,326,38,86,278,7707198,632068,1539231,431482,3276279,749316,609811,404162,45576,6748615,899000,59583,4685668,2230067,703692,43799,43972,6091959,1451335,3832037,2423826,6643063,1064135,,,
6/2026,VnExpress,1006255,VnE-GO,283,283,,114,169,11506240,580123,195320,584947,2702799,4459050,244984,2689807,42688,9320974,2117360,67906,6457590,3185064,1778557,45521,39508,3726630,2393132,5145560,3967548,10530120,976120,,,
6/2026,VnExpress,9999999,Other,,,,,,1185802,144327,82637,114244,134231,208307,21976,454642,2801,1077961,101418,6423,540725,385308,253246,4450,2073,590163,256159,665639,264004,19214,1166588,,,
7/2026,English,1003888,English,,,,,,731911,233971,71916,1857,20710,5007,31998,364479,417,447097,270304,14510,141280,287921,231971,4191,66548,510602,150351,412641,168919,,731911,424106,4651140,424106
7/2026,English,1003894,News,283,278,5,,283,1402049,144861,867175,111182,40794,6393,99360,127801,117,287019,1056372,58658,1105559,208751,48986,21680,17073,1136841,478647,870053,53349,1342374,59675,,,
7/2026,English,1003895,Business,273,242,31,,273,1364936,121408,1039662,15348,21584,5299,96940,62903,90,116526,1195365,53045,1167307,134062,23622,23515,16430,1136889,427757,908497,28682,1326516,38420,,,
7/2026,English,1003898,Video,,,,,,724,450,138,51,0,0,27,30,0,103,504,117,213,314,5,1,191,682,608,114,2,689,35,,,
7/2026,English,1003902,World,61,61,,,61,25734,9775,2738,460,2175,1308,2640,6429,5,10871,13358,1505,8816,12098,1792,287,2741,19574,12361,10235,3138,17495,8239,,,
7/2026,English,1003988,Travel & Life,,,,,,2337,1318,602,163,0,0,187,51,0,515,1359,463,765,1466,16,14,76,2151,1810,510,17,2334,3,,,
7/2026,English,1004040,Perspectives,7,7,,,7,23760,7125,3031,745,1956,722,2224,7872,4,14855,8433,472,7208,11831,2593,261,1867,16560,8237,12336,3187,15317,8443,,,
7/2026,English,1004314,Sports,141,139,2,,141,726156,83884,525294,5623,8652,1468,56768,43401,33,68551,609044,48561,617327,67516,20880,10678,9755,607828,433167,277852,15137,714573,11583,,,
7/2026,English,1004323,Travel,179,171,8,,179,2388048,139683,2030444,36461,12575,3112,111461,52980,106,114469,2145715,127864,2198798,107999,17474,51135,12642,2105768,1073583,1292937,21528,2366573,21475,,,
7/2026,English,1004329,Life,84,79,5,,84,315471,51544,167440,5385,13551,2886,35753,37876,159,64969,233630,16872,214457,73348,13595,4287,9784,237736,148943,151509,15019,294182,21289,,,
7/2026,English,1006144,Tech,133,131,2,,133,545365,50189,413614,4317,10324,2165,34433,29478,12,42548,476186,26631,459680,58353,11547,7400,8385,467727,180820,351329,13216,532046,13319,,,
7/2026,English,1006582,VnE-GO,,,,,,10784,734,7,39,749,2805,522,5918,5,6918,3542,324,2413,1907,6188,62,214,4416,2172,7909,703,7936,2848,,,
7/2026,English,6666666,Other,64,64,,,64,3090,336,71,5,2,5,137,2534,0,2489,575,26,230,346,2471,,43,2257,293,2067,730,463,2627,,,
7/2026,Ngoi sao,1002835,Ngôi sao,,,,,,10267394,4853038,1071310,2288,204207,25820,596614,3497234,2517,8640782,1554208,72404,4677627,5488121,47909,44662,9075,5388425,856072,4358519,5052803,51,10267343,1330915,2629871,1329918
7/2026,Ngoi sao,1002836,Showbiz,364,363,1,,364,6830667,215322,1346149,201722,2352474,263049,1732439,709330,6215,5562014,1201995,66658,4019422,2631620,114953,54999,9673,3784496,834674,3515037,2480956,6410756,419911,,,
7/2026,Ngoi sao,1002837,Thể thao,177,177,,,177,1766983,44929,347717,18590,662753,28325,499688,163319,1289,1464444,282664,19875,1046257,670928,31265,11767,6766,1116745,204415,873574,688994,1725743,41240,,,
7/2026,Ngoi sao,1002838,Thời cuộc,328,328,,3,325,3647599,106114,586565,84984,1374080,163200,901052,424447,5378,2934071,670704,42824,2238186,1303199,72787,29141,4286,2119651,403883,1640480,1603236,3379368,268231,,,
7/2026,Ngoi sao,1002905,Thương trường,16,6,10,,16,124216,7548,23290,3372,36473,7643,33199,12543,87,103479,16737,4000,67256,53730,1615,925,690,97351,24270,58373,41573,109022,15194,,,
7/2026,Ngoi sao,1002906,Thời trang,59,57,2,,59,609735,21996,67430,15496,213045,34834,182911,72139,872,495301,105195,9239,310916,281313,11435,4139,1932,412573,88981,283639,237115,551782,57953,,,
7/2026,Ngoi sao,1002907,Làm đẹp,77,70,7,,77,509594,23079,59827,4516,186334,28379,143220,63153,468,414928,86216,8450,245000,249200,9301,3847,2246,361603,79769,227811,202014,464694,44900,,,
7/2026,Ngoi sao,1002910,Trắc nghiệm,145,145,,,145,5018995,138159,875435,3903,508196,316989,2669176,505097,1601,4479480,496119,43396,3624197,1314540,49953,26227,4078,1292364,446705,2366347,2205943,4577005,441990,,,
7/2026,Ngoi sao,1002913,Ăn chơi,46,44,2,,46,541758,26613,65749,6610,194804,33287,147247,66848,298,440566,93281,7911,216290,312446,7640,3810,1572,378708,85092,239761,216905,484015,57743,,,
7/2026,Ngoi sao,1002915,Buôn chuyện,,,,,,13453,2163,6577,150,1,2,3136,1330,86,8805,2660,1988,8225,4929,12,78,209,11006,8770,4078,605,13135,318,,,
7/2026,Ngoi sao,1003232,Video,2,2,,,2,52903,6073,18934,251,5229,2044,14789,4664,832,45156,7447,300,32584,18945,118,428,828,39473,18597,23962,10344,41520,11383,,,
7/2026,Ngoi sao,1003720,Lối sống,193,189,4,,193,1326806,50548,182682,22539,552211,48973,317780,150877,431,1083682,223923,19201,731675,554247,28307,9515,3062,912796,184648,564479,577679,1254820,71986,,,
7/2026,Ngoi sao,1005535,Xem,68,67,1,,68,448728,16426,86867,16360,180793,5291,96781,45529,305,373460,71257,4011,262810,172308,9119,3514,977,355865,67647,214121,166960,439819,8909,,,
7/2026,Ngoi sao,1005565,Podcasts,,,,,,22369,2232,761,758,4825,2452,5407,5889,16,19016,3158,195,13354,8423,97,218,277,14616,9935,7520,4914,13245,9124,,,
7/2026,Ngoi sao,8888888,Other,1,,1,,1,30146,2552,1238,101,5047,4091,11482,5485,132,21713,6440,1993,8061,21299,66,208,512,20943,9799,10633,9714,12680,17466,,,
7/2026,Tia sáng,1006614,Tia sáng,100,100,,,100,95817,26555,6403,414,3218,0,1,9,0,74341,20720,756,48140,45888,,322,1467,67531,35755,41421,18641,,,,,
7/2026,Tia sáng,1006615,Tin tức,,,,,,5408,4033,992,79,0,0,0,0,0,1196,4145,67,1393,3592,,16,407,5170,4951,300,157,,,,,
7/2026,Tia sáng,1006617,Diễn đàn,,,,,,178716,34734,48971,20006,42886,9,32,206,0,165370,12760,586,139689,37325,2,902,798,156932,98594,63786,16336,,,,,
7/2026,Tia sáng,1006618,Tin nổi bật,,,,,,451,251,116,12,0,0,0,1,0,185,258,8,143,287,,3,18,429,370,72,9,,,,,
7/2026,Tia sáng,1006622,Chuyên đề,,,,,,3441,368,49,16,0,0,0,0,0,2702,721,18,1224,1996,,67,154,2692,1164,1802,475,,,,,
7/2026,Tia sáng,1006683,Khoa học - Công nghệ,,,,,,180187,34528,40394,13206,64074,4,17,310,0,157546,21699,942,127065,50715,,817,1590,150674,99359,59798,21030,,,,,
7/2026,Tia sáng,1006687,Văn hóa - Xã hội,,,,,,160642,36871,45309,13973,38999,1,8,183,0,135634,24202,806,113424,44786,1,980,1451,138819,94326,52490,13826,,,,,
7/2026,Tia sáng,1006710,Nền tảng - Kiến tạo,,,,,,50780,7344,20649,6323,9605,3,2,34,1,45883,4732,165,42516,7772,,319,173,47488,28021,18876,3883,,,,,
7/2026,Tia sáng,1006711,Hồ sơ - Nhân vật,,,,,,74962,16632,25326,5118,18174,0,59,69,0,70674,4015,273,51811,22620,,322,209,61219,46454,22120,6388,,,,,
7/2026,Tia sáng,1006722,Folder Test,,,,,,43,37,0,0,0,0,0,0,0,43,,,22,21,,,,32,26,3,14,,,,,
7/2026,Tia sáng,1006744,Multimedia,,,,,,263,125,99,4,0,0,0,0,0,121,137,5,98,148,,,17,243,224,24,15,,,,,
7/2026,VnExpress,1000000,VnExpress,,,,,,138390943,59603608,15343539,41748,32548909,2315976,4761786,23241138,240285,123678155,13973009,739779,60712775,53333554,23553300,617608,173706,88756877,12447825,61401206,64541912,,138390943,28682842,20209445,9028101
7/2026,VnExpress,1001002,Thế giới,750,750,,288,462,26376058,1758897,3336333,728254,9669570,6205155,3350844,1096376,214270,21522341,4609913,243804,14731124,8876215,2529274,199754,39691,16287969,3005801,11283445,12086812,18850495,7525563,,,
7/2026,VnExpress,1001005,Thời sự,592,581,11,439,153,25899482,1948382,3812304,2665679,11460416,2150249,2490264,1208880,130301,24375972,1429738,93772,15090379,8243439,2364957,157828,42879,19175090,3768396,13803138,8327948,23289581,2609901,,,
7/2026,VnExpress,1001006,Xe,342,305,37,40,302,7454871,483420,2230366,183267,1512522,1072017,755409,1155796,51708,6857513,562309,35049,4068379,2982196,318964,37322,48010,4856009,1479682,4133078,1842111,4420782,3034089,,,
7/2026,VnExpress,1001007,Pháp luật,403,403,,155,248,16454937,1166787,2437877,2439011,5439052,2055042,2068014,698359,124008,15197440,1187669,69828,10146641,4774943,1404607,98555,30191,11725706,2714755,8461554,5278628,14439796,2015141,,,
7/2026,VnExpress,1001011,Thư giãn,196,196,,,196,5056758,247819,2650697,3963,464497,105871,1392603,163983,26570,4789935,250078,16745,4137305,802380,59122,43869,14082,2834681,645540,3744197,667021,4916197,140561,,,
7/2026,VnExpress,1001012,Ý kiến,185,184,1,,185,2831791,133617,707277,173919,923245,327287,408138,87182,38417,2582766,233458,15567,1636559,937719,224385,17480,15648,2067177,360303,1444951,1026537,2541600,290191,,,
7/2026,VnExpress,1001014,Tâm sự,370,370,,,370,6465768,322417,999877,14590,1812793,1743189,1253904,257322,60590,5778943,648122,38703,3382459,2568927,462540,39159,12683,3204873,666695,2738089,3060984,4832659,1633109,,,
7/2026,VnExpress,1002565,Thể thao,749,663,86,330,419,56030617,4335728,9181667,785612,18400179,7853980,5273465,9627686,141407,49856550,5871466,302601,36208462,15244099,4031507,291471,255078,34213084,7968857,29313565,18748195,31659702,24370915,,,
7/2026,VnExpress,1002691,Giải trí,413,393,20,85,328,10417907,554733,2490582,170525,3625585,1328541,1723830,403024,107347,8524613,1790379,102915,5343306,4252737,689185,88066,44613,7189718,1691766,5163975,3562166,9171964,1245943,,,
7/2026,VnExpress,1002966,Đời sống,276,214,62,41,235,6650128,379420,1482187,347195,2345291,675503,1004727,343450,52532,5547355,1033666,69107,3509175,2580664,489849,51133,19307,5133527,1132609,3256997,2260522,5981990,668138,,,
7/2026,VnExpress,1003159,Kinh doanh,703,403,300,154,549,11064864,968113,1498878,899428,4384514,1662739,979778,569211,73772,10100444,898201,66219,5696614,4339783,931379,64012,33076,8425002,1688221,5440557,3936086,9029400,2035464,,,
7/2026,VnExpress,1003231,Du lịch,222,187,35,33,189,4076091,249985,1441321,134033,1175499,405531,449285,168332,33965,3420873,615893,39325,2282797,1465153,274762,31483,21896,3158653,742636,2176915,1156540,3684187,391904,,,
7/2026,VnExpress,1003450,Góc nhìn,31,31,,,31,1336556,88507,53115,50667,562198,299098,128599,136595,5008,1214398,116307,5851,484747,551066,281048,9012,10683,1067767,181846,630951,523759,953310,383246,,,
7/2026,VnExpress,1003497,Giáo dục,343,296,47,125,218,13480534,1027776,4329665,1612089,3172957,679069,1333765,1239237,54262,12704849,725699,49986,8642457,3996810,744672,73590,23005,9557136,3130452,7797307,2552775,11483682,1996852,,,
7/2026,VnExpress,1003750,Sức khỏe,1203,526,677,69,1134,8915067,619145,2294497,531052,2850621,743397,1320709,418636,100854,7861238,993773,60056,5199334,2715427,841132,67940,91234,6512335,1501955,4730688,2682424,8160375,754692,,,
7/2026,VnExpress,1004492,Mới nhất,,,,,,3200286,167663,146918,126,1281165,203791,300764,390301,709274,2827989,355329,16968,609001,1349581,1219719,18753,3232,2279010,249932,1042105,1908249,,3200286,,,
7/2026,VnExpress,1005628,Bất động sản,271,164,107,40,231,3459598,195005,605399,217460,1382681,548316,325738,148110,25986,3179576,260666,19356,1571653,1611302,231991,24540,20112,2676240,505089,1759088,1195421,2790402,669196,,,
7/2026,VnExpress,1005712,Thời tiết,,,,,,398939,33787,287023,95,14183,761,2069,60671,121,389041,9420,478,309631,68624,18050,1965,669,361815,130370,247434,21135,,398939,,,
7/2026,VnExpress,1005858,Spotlight,3,3,,3,,546007,101110,8746,11265,251775,112473,15693,36192,1352,509563,34907,1537,222144,200451,119291,3431,690,482216,59151,272447,214409,407748,138259,,,
7/2026,VnExpress,1005953,Đọc nhanh,,,,,,335812,0,0,0,30567,264152,43,41050,0,300396,33991,1425,,,335812,,,287547,,79943,255869,,335812,,,
7/2026,VnExpress,1006219,Khoa học công nghệ,384,335,49,78,306,6908707,473473,1264350,256918,3127706,748885,606941,372722,41140,6070195,774451,64061,4146176,1992429,697202,38411,34489,5413301,1183377,3325151,2400179,5911620,997087,,,
7/2026,VnExpress,1006255,VnE-GO,361,361,,123,238,13640720,595122,278513,1052411,3402976,5739483,438104,2068822,56807,12492847,1072006,75867,7385844,3935439,2230233,58420,30784,4810428,1654053,6927666,5059001,12760818,879902,,,
7/2026,VnExpress,9999999,Other,1,1,,,1,1426223,141217,93918,154315,161120,257693,23750,562576,2566,1324696,93871,7656,693980,404146,321816,4046,2235,703271,341566,743428,341229,17385,1408838,,,
8/2026,English,1003888,English,,,,,,767108,290698,71768,1618,20894,4890,31098,344443,485,430657,303671,32780,141310,332210,226780,3916,62892,550485,201037,407621,158450,,767108,330505,4530285,330505
8/2026,English,1003894,News,266,260,6,,266,948065,140572,501303,77558,52198,8158,68656,94702,383,233572,656487,58006,672817,201604,44871,12355,16418,754861,340111,559998,47956,890304,57761,,,
8/2026,English,1003895,Business,233,208,25,,233,1643610,166640,1277410,22251,27080,5863,90069,52122,179,108805,1448627,86178,1438998,141480,22104,24672,16356,1400263,641596,975581,26433,1607363,36247,,,
8/2026,English,1003898,Video,,,,,,2049,1789,115,75,0,0,34,22,0,194,1581,274,199,1680,6,2,162,2013,1891,149,9,2015,34,,,
8/2026,English,1003902,World,59,59,,,59,34484,17330,3971,853,2813,1720,2488,5140,24,11045,21425,2014,10180,19604,1943,259,2498,28163,19097,12018,3369,25915,8569,,,
8/2026,English,1003988,Travel & Life,,,,,,5298,4127,892,81,1,0,139,29,1,512,4240,546,998,4150,3,11,136,5159,4719,564,15,5283,15,,,
8/2026,English,1004040,Perspectives,8,8,,,8,26760,9194,2664,874,3414,791,2212,7517,16,15147,10585,1028,7995,13800,2836,154,1975,19211,10023,12871,3866,18040,8720,,,
8/2026,English,1004314,Sports,118,117,1,,118,475304,65502,308972,7517,13165,1905,42094,35221,140,74996,374790,25518,381652,58360,20170,5349,9773,381441,191302,268418,15584,463362,11942,,,
8/2026,English,1004323,Travel,207,197,10,,207,2280513,134349,1916241,38269,23020,3729,119280,43810,163,106608,2015503,158402,2086646,114702,19543,47668,11954,1990806,926249,1330149,24115,2259935,20578,,,
8/2026,English,1004329,Life,114,109,5,,114,469828,72100,285563,6683,21495,3878,44191,34406,524,68049,372373,29406,354748,81817,15717,8073,9473,368813,233646,218108,18074,449005,20823,,,
8/2026,English,1006144,Tech,137,136,1,,137,768625,62396,609652,6458,15438,2605,43627,27712,43,47832,675832,44961,676657,60829,13600,10336,7203,662217,247922,506339,14364,753469,15156,,,
8/2026,English,1006582,VnE-GO,,,,,,8185,690,10,0,824,1375,270,5001,14,5370,2617,198,1542,794,5640,44,165,3573,1226,6252,707,5653,2532,,,
8/2026,English,6666666,Other,100,100,,,100,2759,426,60,0,0,26,27,2211,4,1938,781,40,112,411,2178,1,57,2153,479,1848,432,94,2665,,,
8/2026,Ngoi sao,1002835,Ngôi sao,,,,,,9834897,4718350,1072806,2442,190061,25114,567991,3241976,2740,8235768,1504261,94868,4534116,5209338,42569,42239,6635,5188143,856661,4122834,4855402,26,9834871,1303433,2412212,1303433
8/2026,Ngoi sao,1002836,Showbiz,397,397,,,397,6558992,282144,1215320,167024,2273730,255318,1657853,697922,6429,5179571,1300101,79320,3809741,2570888,115686,50960,11717,3664397,946310,3216091,2396591,6147830,411162,,,
8/2026,Ngoi sao,1002837,Thể thao,150,150,,1,149,1524395,65595,343309,16258,534564,24842,406221,132334,936,1273354,234636,16405,905945,579971,26251,9709,2519,1039682,213384,778121,532890,1486810,37585,,,
8/2026,Ngoi sao,1002838,Thời cuộc,349,349,,1,348,3538573,137249,500531,73618,1326983,153472,928009,412142,4927,2748130,740639,49804,2090816,1344437,70512,27438,5370,2064561,468194,1545401,1524978,3288952,249621,,,
8/2026,Ngoi sao,1002905,Thương trường,14,9,5,,14,207535,21703,47412,2664,55091,7785,56037,16216,80,151902,52632,3001,104726,98130,2298,1326,1055,167616,61882,90810,54843,192275,15260,,,
8/2026,Ngoi sao,1002906,Thời trang,51,47,4,,51,659855,38478,94789,26978,216693,32567,180995,68079,846,519147,132344,8364,330602,312162,10342,4559,2190,480964,130069,304734,225052,603617,56238,,,
8/2026,Ngoi sao,1002907,Làm đẹp,67,61,6,,67,449374,38570,53165,3627,142231,26391,132044,52306,664,336038,106518,6818,195130,241466,7120,3357,2301,325369,103486,185430,160458,404952,44422,,,
8/2026,Ngoi sao,1002910,Trắc nghiệm,154,154,,,154,4780041,178457,759237,2624,501554,320363,2537315,477200,1549,4149477,591716,38848,3360065,1342807,48684,23702,4783,1299807,548126,2109513,2122402,4336067,443974,,,
8/2026,Ngoi sao,1002913,Ăn chơi,64,62,2,,64,751644,43646,97177,6445,264871,35025,222681,80849,363,590413,152083,9148,298111,437201,9611,4675,2046,518926,140607,326039,284998,695408,56236,,,
8/2026,Ngoi sao,1002915,Buôn chuyện,,,,,,28405,9368,5656,176,0,2,12032,1022,128,8337,18943,1125,7942,19926,5,74,458,25947,23558,3775,1072,28057,348,,,
8/2026,Ngoi sao,1003232,Video,3,3,,,3,78918,19405,23810,252,13486,2225,15181,3946,597,56408,20035,2475,45144,32458,176,484,656,65036,32699,30704,15515,65125,13793,,,
8/2026,Ngoi sao,1003720,Lối sống,185,178,7,,185,1275811,73412,162233,37942,506546,46910,306885,140949,519,993349,265062,17400,666803,569522,24999,8694,5793,902268,243237,516587,515987,1204897,70914,,,
8/2026,Ngoi sao,1005535,Xem,92,89,3,,92,411451,25494,93532,5598,158114,4735,84332,38926,354,331136,75468,4847,251813,145455,9473,3331,1379,325778,80287,188160,143004,401569,9882,,,
8/2026,Ngoi sao,1005565,Podcasts,,,,,,22560,2628,764,258,4274,2285,6740,5587,14,18555,3816,189,12290,9553,174,306,237,15100,10393,6753,5414,13505,9055,,,
8/2026,Ngoi sao,8888888,Other,2,,2,,2,43273,6658,1141,113,4059,4068,21861,5244,115,21820,20472,981,11366,31156,108,171,472,32619,22727,10248,10298,25233,18040,,,
8/2026,Tia sáng,1006614,Tia sáng,108,108,,,108,105788,34659,6779,354,3446,0,1,8,0,77688,24259,3841,50380,53702,,285,1421,75599,41345,44704,19739,,,,,
8/2026,Tia sáng,1006615,Tin tức,,,,,,13790,12702,892,42,0,0,0,2,0,2547,8692,2551,1601,11945,,2,242,13647,13456,285,49,,,,,
8/2026,Tia sáng,1006617,Diễn đàn,,,,,,152770,50728,17756,14312,39315,4,73,266,1,136380,14064,2326,91605,59274,28,588,1275,122980,89711,48753,14306,,,,,
8/2026,Tia sáng,1006618,Tin nổi bật,,,,,,660,439,91,7,0,0,0,0,0,249,345,66,191,460,,,9,632,512,135,13,,,,,
8/2026,Tia sáng,1006622,Chuyên đề,,,,,,4445,612,34,3,0,0,0,0,0,2789,1011,645,1460,2587,,65,333,3095,2197,1775,473,,,,,
8/2026,Tia sáng,1006683,Khoa học - Công nghệ,,,,,,211972,57394,36264,16984,73074,5,21,254,0,178449,27477,6046,124157,86100,,641,1074,169717,133088,57319,21565,,,,,
8/2026,Tia sáng,1006687,Văn hóa - Xã hội,,,,,,274803,79253,41270,24266,93009,8,47,278,0,234019,35193,5591,166351,106640,2,913,897,220165,169774,78112,26917,,,,,
8/2026,Tia sáng,1006710,Nền tảng - Kiến tạo,,,,,,17560,7456,1066,764,3795,0,1,28,0,13996,2895,669,9568,7785,4,108,95,15878,9484,6414,1662,,,,,
8/2026,Tia sáng,1006711,Hồ sơ - Nhân vật,,,,,,59256,30093,6620,2035,12170,2,0,59,0,56697,2233,326,26992,32038,,177,49,46230,39280,15331,4645,,,,,
8/2026,Tia sáng,1006722,Folder Test,,,,,,7,5,0,0,0,0,0,0,0,7,,,1,6,,,,6,3,2,2,,,,,
8/2026,Tia sáng,1006744,Multimedia,,,,,,596,481,78,16,0,0,0,0,0,154,355,87,123,465,,,8,582,574,22,,,,,,
8/2026,VnExpress,1000000,VnExpress,,,,,,128090044,55348888,14688808,38454,30217380,1421264,4619311,21251205,227923,113763039,13316818,1010187,56799283,49568264,20969302,597270,155925,82393176,13083876,56627126,58379042,,128090044,24975033,14036409,9393668
8/2026,VnExpress,1001002,Thế giới,739,739,,279,460,25086901,1737389,3133950,886559,9065184,5734095,3270361,1035534,208346,20206786,4555968,324147,13892660,8484731,2471029,194155,44326,15448477,3105584,10782752,11198565,18076163,7010738,,,
8/2026,VnExpress,1001005,Thời sự,593,585,8,413,180,22467166,1625538,2842508,2373633,10190064,2082395,2070714,1111058,134506,20791231,1543224,132711,12579899,7474717,2223650,145867,43033,16695215,3397427,11510277,7559462,19947389,2519777,,,
8/2026,VnExpress,1001006,Xe,320,294,26,38,282,7422801,510801,1860627,245954,1744706,1065866,832000,1101700,53330,6665196,706016,51589,3841143,3112404,374517,37334,57403,4802851,1565339,3910668,1946794,4466787,2956014,,,
8/2026,VnExpress,1001007,Pháp luật,453,453,,187,266,20133455,1305784,2762552,3421225,6890717,2173130,2588009,823906,141637,18440237,1570844,122374,12672584,5511594,1795805,119791,33681,14299735,3406460,10366245,6360750,18025951,2107504,,,
8/2026,VnExpress,1001011,Thư giãn,196,196,,,196,3141902,221750,1360556,3414,477565,107932,882566,73381,13215,2881967,242450,17485,2211598,827229,59771,26467,16837,1792461,625285,1939025,577592,3002040,139862,,,
8/2026,VnExpress,1001012,Ý kiến,182,182,,,182,3260436,254092,912128,204503,859888,327780,409204,204291,37466,2951467,279515,29454,1949075,1035886,233225,26999,15251,2267403,682141,1623427,954868,2940463,319973,,,
8/2026,VnExpress,1001014,Tâm sự,363,363,,,363,5771600,364271,618878,9140,1666337,1680283,1114988,260154,56333,5032747,687676,51177,2814350,2436257,470769,36518,13706,2800104,720950,2184403,2866247,4131119,1640481,,,
8/2026,VnExpress,1002565,Thể thao,596,503,93,227,369,28285897,2540667,3414222,666698,11310824,4666409,3143441,2432963,92093,24884718,3170421,230758,16595358,8720554,2652827,162512,154646,17236592,4145866,13470503,10669528,19359624,8926273,,,
8/2026,VnExpress,1002691,Giải trí,430,415,15,92,338,9864337,745956,2561445,239547,3239001,1236841,1328725,403181,97128,7906938,1814720,142679,5143008,3895069,703067,80679,42514,6986825,1851856,4837002,3175479,8624815,1239522,,,
8/2026,VnExpress,1002966,Đời sống,273,196,77,43,230,5722803,412649,949823,269934,2185067,627732,865990,330350,51816,4654246,990529,78028,2669677,2470757,517021,45105,20243,4296072,1090704,2565041,2067058,5057886,664917,,,
8/2026,VnExpress,1003159,Kinh doanh,631,366,265,143,488,9445339,1052843,832032,664258,3827265,1539413,813825,623323,63920,8452367,910013,82959,4234557,4230761,883440,52226,44355,7123799,1613836,4334266,3497237,7289797,2155542,,,
8/2026,VnExpress,1003231,Du lịch,284,222,62,54,230,4479314,331760,1402313,216562,1301062,414784,559089,195056,42388,3683071,732453,63790,2441572,1646452,329646,34288,27356,3417100,882138,2301345,1295831,4069302,410012,,,
8/2026,VnExpress,1003450,Góc nhìn,31,31,,,31,1424167,96522,35674,63765,642644,276409,134731,140836,5404,1259170,147390,17607,518369,606227,277657,9904,12010,1150614,223420,654630,546117,1068183,355984,,,
8/2026,VnExpress,1003497,Giáo dục,324,272,52,125,199,13392242,1181344,4259574,1997595,3155697,621942,1250044,777336,50746,12717840,624593,49809,8854656,3638596,794205,76462,28323,9808965,3630804,7251087,2510351,12357581,1034661,,,
8/2026,VnExpress,1003750,Sức khỏe,1178,501,677,71,1107,9016848,656090,2487113,545372,2697230,726590,1355055,412089,97879,7799063,1133548,84237,5225472,2795654,839605,72591,83526,6554137,1630016,4741353,2645479,8264179,752669,,,
8/2026,VnExpress,1004492,Mới nhất,,,,,,3048703,159022,147075,128,1198418,182178,321207,359485,680880,2678887,345794,24022,576717,1312303,1135483,20631,3569,2158511,243254,996298,1809151,,3048703,,,
8/2026,VnExpress,1005628,Bất động sản,258,148,110,30,228,3069458,225802,394989,159007,1308699,532534,278490,135329,22853,2789297,255379,24782,1216370,1562540,252767,21235,16546,2368417,471879,1463303,1134276,2410224,659234,,,
8/2026,VnExpress,1005712,Thời tiết,,,,,,404038,34877,291605,101,12259,732,2000,61914,126,395628,7273,1137,315015,68741,17575,2149,558,367810,139249,243508,21281,,404038,,,
8/2026,VnExpress,1005858,Spotlight,,,,,,224780,16557,4235,5342,36156,130850,10236,13457,818,204610,18999,1171,31579,79658,111479,1243,821,197841,22469,76799,125512,67230,157550,,,
8/2026,VnExpress,1005953,Đọc nhanh,,,,,,310674,0,0,0,28532,243717,45,38380,0,276699,31888,2087,,,310674,,,266545,,71017,239657,,310674,,,
8/2026,VnExpress,1006219,Khoa học công nghệ,354,316,38,94,260,7663364,659999,1315139,247090,3557710,772732,641407,403391,44809,6540831,1033234,89299,4394648,2370564,820805,42316,35031,6010847,1492004,3584614,2586746,6563668,1099696,,,
8/2026,VnExpress,1006255,VnE-GO,323,323,,163,160,16746891,822122,272071,1116666,4508418,7196096,322029,2442668,58325,15187047,1422511,137333,9165640,4639508,2840593,74286,26864,5573515,1976945,8386222,6383724,15643537,1103354,,,
8/2026,VnExpress,9999999,Other,,,,,,1426879,114191,100414,112954,137014,393344,20688,540596,2533,1320087,98370,8422,628902,262031,528879,3403,3664,825879,303511,633665,489703,11111,1415768,,,